Artist_01,Artist_02
Ariana Grande,Taylor Swift
Ariana Grande,Selena Gomez
Ariana Grande,Billie Eilish
Ariana Grande,Shawn Mendes
Ariana Grande,Camila Cabello
Ariana Grande,Katy Perry
Ariana Grande,Halsey
Ariana Grande,Drake
Ariana Grande,Kanye West
Ariana Grande,Jay-Z
Ariana Grande,Kendrick Lamar
Ariana Grande,J. Cole
Ariana Grande,Travis Scott
Ariana Grande,Post Malone
Ariana Grande,Cardi B
Ariana Grande,21 Savage
Ariana Grande,Metro Boomin
Ariana Grande,Snoop Dogg
Ariana Grande,Eminem
Ariana Grande,Beyoncé
Ariana Grande,SZA
Ariana Grande,H.E.R.
Ariana Grande,Frank Ocean
Ariana Grande,Coldplay
Ariana Grande,Imagine Dragons
Ariana Grande,Twenty One Pilots
Ariana Grande,Fall Out Boy
Ariana Grande,Panic! at the Disco
Ariana Grande,Linkin Park
Ariana Grande,Foo Fighters
Ariana Grande,David Guetta
Ariana Grande,The Chainsmokers
Ariana Grande,Marshmello
Ariana Grande,Kygo
Ariana Grande,Avicii
Ariana Grande,Diplo
Ariana Grande,Skrillex
Ariana Grande,Martin Garrix
Ariana Grande,Bad Bunny
Ariana Grande,Shakira
Ariana Grande,Daddy Yankee
Ariana Grande,Ozuna
Ariana Grande,Maluma
Ariana Grande,Karol G
Ariana Grande,Luis Fonsi
Ariana Grande,Nicky Jam
Ariana Grande,BTS
Ariana Grande,BLACKPINK
Ariana Grande,Stray Kids
Ariana Grande,Kacey Musgraves
Ariana Grande,Maren Morris
Ariana Grande,Sam Smith
Taylor Swift,Justin Bieber
Taylor Swift,Selena Gomez
Taylor Swift,Dua Lipa
Taylor Swift,The Weeknd
Taylor Swift,Billie Eilish
Taylor Swift,Lady Gaga
Taylor Swift,Miley Cyrus
Taylor Swift,Halsey
Taylor Swift,Drake
Taylor Swift,Kanye West
Taylor Swift,Jay-Z
Taylor Swift,J. Cole
Taylor Swift,Travis Scott
Taylor Swift,Megan Thee Stallion
Taylor Swift,Cardi B
Taylor Swift,Nicki Minaj
Taylor Swift,Lil Wayne
Taylor Swift,21 Savage
Taylor Swift,Metro Boomin
Taylor Swift,Snoop Dogg
Taylor Swift,Eminem
Taylor Swift,Rihanna
Taylor Swift,SZA
Taylor Swift,H.E.R.
Taylor Swift,Frank Ocean
Taylor Swift,Coldplay
Taylor Swift,Imagine Dragons
Taylor Swift,Twenty One Pilots
Taylor Swift,Panic! at the Disco
Taylor Swift,Linkin Park
Taylor Swift,Foo Fighters
Taylor Swift,David Guetta
Taylor Swift,The Chainsmokers
Taylor Swift,Marshmello
Taylor Swift,Zedd
Taylor Swift,Kygo
Taylor Swift,Avicii
Taylor Swift,Diplo
Taylor Swift,Skrillex
Taylor Swift,Martin Garrix
Taylor Swift,Bad Bunny
Taylor Swift,J Balvin
Taylor Swift,Shakira
Taylor Swift,Daddy Yankee
Taylor Swift,Ozuna
Taylor Swift,Maluma
Taylor Swift,Karol G
Taylor Swift,Luis Fonsi
Taylor Swift,Nicky Jam
Taylor Swift,BTS
Taylor Swift,BLACKPINK
Taylor Swift,Stray Kids
Taylor Swift,Kacey Musgraves
Taylor Swift,Sam Smith
Taylor Swift,Ellie Goulding
Taylor Swift,Rita Ora
Ed Sheeran,Selena Gomez
Ed Sheeran,Dua Lipa
Ed Sheeran,Billie Eilish
Ed Sheeran,Shawn Mendes
Ed Sheeran,Lady Gaga
Ed Sheeran,Katy Perry
Ed Sheeran,Miley Cyrus
Ed Sheeran,Demi Lovato
Ed Sheeran,Halsey
Ed Sheeran,Drake
Ed Sheeran,Kanye West
Ed Sheeran,Jay-Z
Ed Sheeran,Kendrick Lamar
Ed Sheeran,J. Cole
Ed Sheeran,Post Malone
Ed Sheeran,Megan Thee Stallion
Ed Sheeran,Nicki Minaj
Ed Sheeran,Lil Wayne
Ed Sheeran,21 Savage
Ed Sheeran,Metro Boomin
Ed Sheeran,Snoop Dogg
Ed Sheeran,Rihanna
Ed Sheeran,SZA
Ed Sheeran,Frank Ocean
Ed Sheeran,Coldplay
Ed Sheeran,Imagine Dragons
Ed Sheeran,Twenty One Pilots
Ed Sheeran,Fall Out Boy
Ed Sheeran,Panic! at the Disco
Ed Sheeran,Linkin Park
Ed Sheeran,Foo Fighters
Ed Sheeran,David Guetta
Ed Sheeran,The Chainsmokers
Ed Sheeran,Marshmello
Ed Sheeran,Zedd
Ed Sheeran,Kygo
Ed Sheeran,Avicii
Ed Sheeran,Diplo
Ed Sheeran,Martin Garrix
Ed Sheeran,Bad Bunny
Ed Sheeran,Daddy Yankee
Ed Sheeran,Ozuna
Ed Sheeran,Maluma
Ed Sheeran,Karol G
Ed Sheeran,Luis Fonsi
Ed Sheeran,Nicky Jam
Ed Sheeran,BTS
Ed Sheeran,BLACKPINK
Ed Sheeran,Stray Kids
Ed Sheeran,Kacey Musgraves
Ed Sheeran,Maren Morris
Ed Sheeran,Ellie Goulding
Ed Sheeran,Rita Ora
Justin Bieber,Selena Gomez
Justin Bieber,Dua Lipa
Justin Bieber,The Weeknd
Justin Bieber,Camila Cabello
Justin Bieber,Katy Perry
Justin Bieber,Demi Lovato
Justin Bieber,Jay-Z
Justin Bieber,Kendrick Lamar
Justin Bieber,J. Cole
Justin Bieber,Megan Thee Stallion
Justin Bieber,Cardi B
Justin Bieber,Metro Boomin
Justin Bieber,Eminem
Justin Bieber,Rihanna
Justin Bieber,Beyoncé
Justin Bieber,H.E.R.
Justin Bieber,Frank Ocean
Justin Bieber,Coldplay
Justin Bieber,Imagine Dragons
Justin Bieber,Twenty One Pilots
Justin Bieber,Fall Out Boy
Justin Bieber,Panic! at the Disco
Justin Bieber,Linkin Park
Justin Bieber,Foo Fighters
Justin Bieber,Calvin Harris
Justin Bieber,The Chainsmokers
Justin Bieber,Zedd
Justin Bieber,Kygo
Justin Bieber,Avicii
Justin Bieber,Martin Garrix
Justin Bieber,Bad Bunny
Justin Bieber,Shakira
Justin Bieber,Maluma
Justin Bieber,Karol G
Justin Bieber,Nicky Jam
Justin Bieber,BTS
Justin Bieber,BLACKPINK
Justin Bieber,Stray Kids
Justin Bieber,Kacey Musgraves
Justin Bieber,Maren Morris
Justin Bieber,Sam Smith
Justin Bieber,Ellie Goulding
Justin Bieber,Rita Ora
Selena Gomez,Dua Lipa
Selena Gomez,The Weeknd
Selena Gomez,Billie Eilish
Selena Gomez,Shawn Mendes
Selena Gomez,Camila Cabello
Selena Gomez,Lady Gaga
Selena Gomez,Katy Perry
Selena Gomez,Miley Cyrus
Selena Gomez,Drake
Selena Gomez,Kanye West
Selena Gomez,Jay-Z
Selena Gomez,Kendrick Lamar
Selena Gomez,J. Cole
Selena Gomez,Travis Scott
Selena Gomez,Post Malone
Selena Gomez,Megan Thee Stallion
Selena Gomez,Nicki Minaj
Selena Gomez,Lil Wayne
Selena Gomez,Future
Selena Gomez,21 Savage
Selena Gomez,Metro Boomin
Selena Gomez,Snoop Dogg
Selena Gomez,Eminem
Selena Gomez,Rihanna
Selena Gomez,Beyoncé
Selena Gomez,SZA
Selena Gomez,H.E.R.
Selena Gomez,Frank Ocean
Selena Gomez,Twenty One Pilots
Selena Gomez,Fall Out Boy
Selena Gomez,Panic! at the Disco
Selena Gomez,Linkin Park
Selena Gomez,Foo Fighters
Selena Gomez,Calvin Harris
Selena Gomez,David Guetta
Selena Gomez,The Chainsmokers
Selena Gomez,Avicii
Selena Gomez,Diplo
Selena Gomez,Skrillex
Selena Gomez,Martin Garrix
Selena Gomez,Bad Bunny
Selena Gomez,Shakira
Selena Gomez,Daddy Yankee
Selena Gomez,Maluma
Selena Gomez,Karol G
Selena Gomez,Luis Fonsi
Selena Gomez,Nicky Jam
Selena Gomez,BTS
Selena Gomez,Stray Kids
Selena Gomez,Maren Morris
Selena Gomez,Sam Smith
Selena Gomez,Ellie Goulding
Selena Gomez,Rita Ora
Dua Lipa,Billie Eilish
Dua Lipa,Shawn Mendes
Dua Lipa,Camila Cabello
Dua Lipa,Lady Gaga
Dua Lipa,Katy Perry
Dua Lipa,Demi Lovato
Dua Lipa,Halsey
Dua Lipa,Drake
Dua Lipa,Jay-Z
Dua Lipa,J. Cole
Dua Lipa,Travis Scott
Dua Lipa,Post Malone
Dua Lipa,Cardi B
Dua Lipa,Lil Wayne
Dua Lipa,Future
Dua Lipa,21 Savage
Dua Lipa,Metro Boomin
Dua Lipa,Snoop Dogg
Dua Lipa,Eminem
Dua Lipa,Rihanna
Dua Lipa,Beyoncé
Dua Lipa,SZA
Dua Lipa,H.E.R.
Dua Lipa,Frank Ocean
Dua Lipa,Coldplay
Dua Lipa,Imagine Dragons
Dua Lipa,Twenty One Pilots
Dua Lipa,Fall Out Boy
Dua Lipa,Panic! at the Disco
Dua Lipa,Linkin Park
Dua Lipa,Foo Fighters
Dua Lipa,Marshmello
Dua Lipa,Zedd
Dua Lipa,Avicii
Dua Lipa,Skrillex
Dua Lipa,Shakira
Dua Lipa,Daddy Yankee
Dua Lipa,Ozuna
Dua Lipa,Maluma
Dua Lipa,Karol G
Dua Lipa,Luis Fonsi
Dua Lipa,Nicky Jam
Dua Lipa,BTS
Dua Lipa,Stray Kids
Dua Lipa,Kacey Musgraves
Dua Lipa,Maren Morris
Dua Lipa,Sam Smith
Dua Lipa,Ellie Goulding
Dua Lipa,Rita Ora
The Weeknd,Billie Eilish
The Weeknd,Shawn Mendes
The Weeknd,Camila Cabello
The Weeknd,Katy Perry
The Weeknd,Miley Cyrus
The Weeknd,Demi Lovato
The Weeknd,Halsey
The Weeknd,Jay-Z
The Weeknd,J. Cole
The Weeknd,Megan Thee Stallion
The Weeknd,Cardi B
The Weeknd,Snoop Dogg
The Weeknd,Rihanna
The Weeknd,H.E.R.
The Weeknd,Coldplay
The Weeknd,Imagine Dragons
The Weeknd,Twenty One Pilots
The Weeknd,Fall Out Boy
The Weeknd,Panic! at the Disco
The Weeknd,Linkin Park
The Weeknd,Foo Fighters
The Weeknd,David Guetta
The Weeknd,Marshmello
The Weeknd,Zedd
The Weeknd,Kygo
The Weeknd,Avicii
The Weeknd,Skrillex
The Weeknd,Martin Garrix
The Weeknd,J Balvin
The Weeknd,Shakira
The Weeknd,Daddy Yankee
The Weeknd,Ozuna
The Weeknd,Karol G
The Weeknd,Luis Fonsi
The Weeknd,Nicky Jam
The Weeknd,BTS
The Weeknd,BLACKPINK
The Weeknd,Stray Kids
The Weeknd,Kacey Musgraves
The Weeknd,Maren Morris
The Weeknd,Sam Smith
The Weeknd,Ellie Goulding
The Weeknd,Rita Ora
Billie Eilish,Shawn Mendes
Billie Eilish,Camila Cabello
Billie Eilish,Lady Gaga
Billie Eilish,Katy Perry
Billie Eilish,Miley Cyrus
Billie Eilish,Demi Lovato
Billie Eilish,Halsey
Billie Eilish,Drake
Billie Eilish,Kanye West
Billie Eilish,Jay-Z
Billie Eilish,Kendrick Lamar
Billie Eilish,J. Cole
Billie Eilish,Travis Scott
Billie Eilish,Post Malone
Billie Eilish,Megan Thee Stallion
Billie Eilish,Cardi B
Billie Eilish,Nicki Minaj
Billie Eilish,Lil Wayne
Billie Eilish,Future
Billie Eilish,21 Savage
Billie Eilish,Metro Boomin
Billie Eilish,Snoop Dogg
Billie Eilish,Eminem
Billie Eilish,Rihanna
Billie Eilish,Beyoncé
Billie Eilish,SZA
Billie Eilish,H.E.R.
Billie Eilish,Frank Ocean
Billie Eilish,Coldplay
Billie Eilish,Imagine Dragons
Billie Eilish,Twenty One Pilots
Billie Eilish,Fall Out Boy
Billie Eilish,Panic! at the Disco
Billie Eilish,Linkin Park
Billie Eilish,Foo Fighters
Billie Eilish,Calvin Harris
Billie Eilish,David Guetta
Billie Eilish,The Chainsmokers
Billie Eilish,Marshmello
Billie Eilish,Zedd
Billie Eilish,Kygo
Billie Eilish,Avicii
Billie Eilish,Diplo
Billie Eilish,Skrillex
Billie Eilish,Martin Garrix
Billie Eilish,Bad Bunny
Billie Eilish,J Balvin
Billie Eilish,Shakira
Billie Eilish,Daddy Yankee
Billie Eilish,Ozuna
Billie Eilish,Maluma
Billie Eilish,Karol G
Billie Eilish,Luis Fonsi
Billie Eilish,Nicky Jam
Billie Eilish,BTS
Billie Eilish,BLACKPINK
Billie Eilish,Stray Kids
Billie Eilish,Kacey Musgraves
Billie Eilish,Maren Morris
Billie Eilish,Sam Smith
Billie Eilish,Ellie Goulding
Billie Eilish,Rita Ora
Shawn Mendes,Lady Gaga
Shawn Mendes,Katy Perry
Shawn Mendes,Miley Cyrus
Shawn Mendes,Demi Lovato
Shawn Mendes,Halsey
Shawn Mendes,Drake
Shawn Mendes,Kanye West
Shawn Mendes,Jay-Z
Shawn Mendes,Kendrick Lamar
Shawn Mendes,J. Cole
Shawn Mendes,Travis Scott
Shawn Mendes,Megan Thee Stallion
Shawn Mendes,Cardi B
Shawn Mendes,Nicki Minaj
Shawn Mendes,Lil Wayne
Shawn Mendes,Future
Shawn Mendes,21 Savage
Shawn Mendes,Metro Boomin
Shawn Mendes,Snoop Dogg
Shawn Mendes,Eminem
Shawn Mendes,Rihanna
Shawn Mendes,Beyoncé
Shawn Mendes,SZA
Shawn Mendes,H.E.R.
Shawn Mendes,Frank Ocean
Shawn Mendes,Coldplay
Shawn Mendes,Imagine Dragons
Shawn Mendes,Twenty One Pilots
Shawn Mendes,Fall Out Boy
Shawn Mendes,Panic! at the Disco
Shawn Mendes,Linkin Park
Shawn Mendes,Foo Fighters
Shawn Mendes,Calvin Harris
Shawn Mendes,David Guetta
Shawn Mendes,Marshmello
Shawn Mendes,Avicii
Shawn Mendes,Diplo
Shawn Mendes,Skrillex
Shawn Mendes,Martin Garrix
Shawn Mendes,Bad Bunny
Shawn Mendes,J Balvin
Shawn Mendes,Shakira
Shawn Mendes,Daddy Yankee
Shawn Mendes,Ozuna
Shawn Mendes,Maluma
Shawn Mendes,Karol G
Shawn Mendes,Luis Fonsi
Shawn Mendes,Nicky Jam
Shawn Mendes,BTS
Shawn Mendes,BLACKPINK
Shawn Mendes,Stray Kids
Shawn Mendes,Kacey Musgraves
Shawn Mendes,Maren Morris
Shawn Mendes,Sam Smith
Shawn Mendes,Ellie Goulding
Camila Cabello,Lady Gaga
Camila Cabello,Katy Perry
Camila Cabello,Miley Cyrus
Camila Cabello,Demi Lovato
Camila Cabello,Halsey
Camila Cabello,Kanye West
Camila Cabello,Jay-Z
Camila Cabello,Kendrick Lamar
Camila Cabello,J. Cole
Camila Cabello,Post Malone
Camila Cabello,Megan Thee Stallion
Camila Cabello,Nicki Minaj
Camila Cabello,Lil Wayne
Camila Cabello,Future
Camila Cabello,21 Savage
Camila Cabello,Metro Boomin
Camila Cabello,Snoop Dogg
Camila Cabello,Eminem
Camila Cabello,Rihanna
Camila Cabello,Beyoncé
Camila Cabello,SZA
Camila Cabello,H.E.R.
Camila Cabello,Frank Ocean
Camila Cabello,Coldplay
Camila Cabello,Imagine Dragons
Camila Cabello,Twenty One Pilots
Camila Cabello,Fall Out Boy
Camila Cabello,Panic! at the Disco
Camila Cabello,Linkin Park
Camila Cabello,Foo Fighters
Camila Cabello,Calvin Harris
Camila Cabello,David Guetta
Camila Cabello,The Chainsmokers
Camila Cabello,Marshmello
Camila Cabello,Zedd
Camila Cabello,Kygo
Camila Cabello,Avicii
Camila Cabello,Diplo
Camila Cabello,Skrillex
Camila Cabello,Martin Garrix
Camila Cabello,Bad Bunny
Camila Cabello,Shakira
Camila Cabello,Ozuna
Camila Cabello,Maluma
Camila Cabello,Karol G
Camila Cabello,Luis Fonsi
Camila Cabello,Nicky Jam
Camila Cabello,BTS
Camila Cabello,BLACKPINK
Camila Cabello,Stray Kids
Camila Cabello,Maren Morris
Camila Cabello,Sam Smith
Camila Cabello,Ellie Goulding
Lady Gaga,Miley Cyrus
Lady Gaga,Halsey
Lady Gaga,Drake
Lady Gaga,Jay-Z
Lady Gaga,J. Cole
Lady Gaga,Travis Scott
Lady Gaga,Post Malone
Lady Gaga,Megan Thee Stallion
Lady Gaga,Cardi B
Lady Gaga,Lil Wayne
Lady Gaga,Future
Lady Gaga,21 Savage
Lady Gaga,Metro Boomin
Lady Gaga,Eminem
Lady Gaga,SZA
Lady Gaga,H.E.R.
Lady Gaga,Frank Ocean
Lady Gaga,Imagine Dragons
Lady Gaga,Twenty One Pilots
Lady Gaga,Fall Out Boy
Lady Gaga,Panic! at the Disco
Lady Gaga,Linkin Park
Lady Gaga,Foo Fighters
Lady Gaga,The Chainsmokers
Lady Gaga,Marshmello
Lady Gaga,Kygo
Lady Gaga,Avicii
Lady Gaga,Diplo
Lady Gaga,Skrillex
Lady Gaga,Martin Garrix
Lady Gaga,Bad Bunny
Lady Gaga,J Balvin
Lady Gaga,Shakira
Lady Gaga,Daddy Yankee
Lady Gaga,Ozuna
Lady Gaga,Maluma
Lady Gaga,Karol G
Lady Gaga,Luis Fonsi
Lady Gaga,Nicky Jam
Lady Gaga,BTS
Lady Gaga,Stray Kids
Lady Gaga,Kacey Musgraves
Lady Gaga,Maren Morris
Lady Gaga,Sam Smith
Lady Gaga,Rita Ora
Katy Perry,Miley Cyrus
Katy Perry,Demi Lovato
Katy Perry,Halsey
Katy Perry,Drake
Katy Perry,Jay-Z
Katy Perry,Kendrick Lamar
Katy Perry,J. Cole
Katy Perry,Travis Scott
Katy Perry,Post Malone
Katy Perry,Megan Thee Stallion
Katy Perry,Cardi B
Katy Perry,Lil Wayne
Katy Perry,Future
Katy Perry,Metro Boomin
Katy Perry,Eminem
Katy Perry,Rihanna
Katy Perry,SZA
Katy Perry,H.E.R.
Katy Perry,Frank Ocean
Katy Perry,Coldplay
Katy Perry,Imagine Dragons
Katy Perry,Twenty One Pilots
Katy Perry,Fall Out Boy
Katy Perry,Panic! at the Disco
Katy Perry,Linkin Park
Katy Perry,Foo Fighters
Katy Perry,The Chainsmokers
Katy Perry,Marshmello
Katy Perry,Kygo
Katy Perry,Avicii
Katy Perry,Diplo
Katy Perry,Skrillex
Katy Perry,Martin Garrix
Katy Perry,Bad Bunny
Katy Perry,J Balvin
Katy Perry,Shakira
Katy Perry,Ozuna
Katy Perry,Maluma
Katy Perry,Karol G
Katy Perry,Luis Fonsi
Katy Perry,Nicky Jam
Katy Perry,BTS
Katy Perry,BLACKPINK
Katy Perry,Stray Kids
Katy Perry,Maren Morris
Katy Perry,Sam Smith
Katy Perry,Rita Ora
Miley Cyrus,Halsey
Miley Cyrus,Drake
Miley Cyrus,Jay-Z
Miley Cyrus,Kendrick Lamar
Miley Cyrus,J. Cole
Miley Cyrus,Post Malone
Miley Cyrus,Megan Thee Stallion
Miley Cyrus,Cardi B
Miley Cyrus,Nicki Minaj
Miley Cyrus,Lil Wayne
Miley Cyrus,21 Savage
Miley Cyrus,Metro Boomin
Miley Cyrus,Snoop Dogg
Miley Cyrus,Eminem
Miley Cyrus,Rihanna
Miley Cyrus,SZA
Miley Cyrus,H.E.R.
Miley Cyrus,Frank Ocean
Miley Cyrus,Coldplay
Miley Cyrus,Imagine Dragons
Miley Cyrus,Twenty One Pilots
Miley Cyrus,Fall Out Boy
Miley Cyrus,Panic! at the Disco
Miley Cyrus,Linkin Park
Miley Cyrus,Foo Fighters
Miley Cyrus,Calvin Harris
Miley Cyrus,David Guetta
Miley Cyrus,The Chainsmokers
Miley Cyrus,Marshmello
Miley Cyrus,Zedd
Miley Cyrus,Kygo
Miley Cyrus,Avicii
Miley Cyrus,Diplo
Miley Cyrus,Skrillex
Miley Cyrus,Martin Garrix
Miley Cyrus,Bad Bunny
Miley Cyrus,J Balvin
Miley Cyrus,Shakira
Miley Cyrus,Daddy Yankee
Miley Cyrus,Ozuna
Miley Cyrus,Maluma
Miley Cyrus,Karol G
Miley Cyrus,Luis Fonsi
Miley Cyrus,Nicky Jam
Miley Cyrus,BTS
Miley Cyrus,BLACKPINK
Miley Cyrus,Stray Kids
Miley Cyrus,Kacey Musgraves
Miley Cyrus,Maren Morris
Miley Cyrus,Sam Smith
Miley Cyrus,Ellie Goulding
Miley Cyrus,Rita Ora
Demi Lovato,Halsey
Demi Lovato,Drake
Demi Lovato,Kanye West
Demi Lovato,Jay-Z
Demi Lovato,Kendrick Lamar
Demi Lovato,J. Cole
Demi Lovato,Travis Scott
Demi Lovato,Post Malone
Demi Lovato,Megan Thee Stallion
Demi Lovato,Cardi B
Demi Lovato,Future
Demi Lovato,21 Savage
Demi Lovato,Metro Boomin
Demi Lovato,Snoop Dogg
Demi Lovato,Eminem
Demi Lovato,Beyoncé
Demi Lovato,SZA
Demi Lovato,H.E.R.
Demi Lovato,Frank Ocean
Demi Lovato,Coldplay
Demi Lovato,Imagine Dragons
Demi Lovato,Twenty One Pilots
Demi Lovato,Panic! at the Disco
Demi Lovato,Linkin Park
Demi Lovato,Foo Fighters
Demi Lovato,David Guetta
Demi Lovato,The Chainsmokers
Demi Lovato,Kygo
Demi Lovato,Avicii
Demi Lovato,Diplo
Demi Lovato,Skrillex
Demi Lovato,Martin Garrix
Demi Lovato,Bad Bunny
Demi Lovato,J Balvin
Demi Lovato,Shakira
Demi Lovato,Daddy Yankee
Demi Lovato,Ozuna
Demi Lovato,Maluma
Demi Lovato,Karol G
Demi Lovato,Nicky Jam
Demi Lovato,BTS
Demi Lovato,BLACKPINK
Demi Lovato,Stray Kids
Demi Lovato,Kacey Musgraves
Demi Lovato,Maren Morris
Halsey,Drake
Halsey,Kanye West
Halsey,Jay-Z
Halsey,Kendrick Lamar
Halsey,J. Cole
Halsey,Travis Scott
Halsey,Megan Thee Stallion
Halsey,Cardi B
Halsey,Nicki Minaj
Halsey,Lil Wayne
Halsey,21 Savage
Halsey,Metro Boomin
Halsey,Snoop Dogg
Halsey,Eminem
Halsey,Rihanna
Halsey,Beyoncé
Halsey,SZA
Halsey,H.E.R.
Halsey,Frank Ocean
Halsey,Coldplay
Halsey,Twenty One Pilots
Halsey,Fall Out Boy
Halsey,Panic! at the Disco
Halsey,Linkin Park
Halsey,Foo Fighters
Halsey,David Guetta
Halsey,Zedd
Halsey,Kygo
Halsey,Avicii
Halsey,Diplo
Halsey,Skrillex
Halsey,Martin Garrix
Halsey,Bad Bunny
Halsey,J Balvin
Halsey,Shakira
Halsey,Daddy Yankee
Halsey,Ozuna
Halsey,Maluma
Halsey,Karol G
Halsey,Luis Fonsi
Halsey,Nicky Jam
Halsey,BLACKPINK
Halsey,Stray Kids
Halsey,Maren Morris
Halsey,Sam Smith
Halsey,Ellie Goulding
Halsey,Rita Ora
Drake,Megan Thee Stallion
Drake,Cardi B
Drake,Snoop Dogg
Drake,H.E.R.
Drake,Frank Ocean
Drake,Imagine Dragons
Drake,Twenty One Pilots
Drake,Fall Out Boy
Drake,Panic! at the Disco
Drake,Linkin Park
Drake,Foo Fighters
Drake,Calvin Harris
Drake,David Guetta
Drake,The Chainsmokers
Drake,Marshmello
Drake,Zedd
Drake,Kygo
Drake,Avicii
Drake,Diplo
Drake,Martin Garrix
Drake,J Balvin
Drake,Shakira
Drake,Daddy Yankee
Drake,Maluma
Drake,Karol G
Drake,Luis Fonsi
Drake,Nicky Jam
Drake,BTS
Drake,BLACKPINK
Drake,Stray Kids
Drake,Kacey Musgraves
Drake,Maren Morris
Drake,Sam Smith
Drake,Ellie Goulding
Drake,Rita Ora
Kanye West,Megan Thee Stallion
Kanye West,21 Savage
Kanye West,Metro Boomin
Kanye West,SZA
Kanye West,H.E.R.
Kanye West,Imagine Dragons
Kanye West,Twenty One Pilots
Kanye West,Panic! at the Disco
Kanye West,Linkin Park
Kanye West,Foo Fighters
Kanye West,Calvin Harris
Kanye West,David Guetta
Kanye West,The Chainsmokers
Kanye West,Marshmello
Kanye West,Zedd
Kanye West,Kygo
Kanye West,Avicii
Kanye West,Diplo
Kanye West,Martin Garrix
Kanye West,Bad Bunny
Kanye West,J Balvin
Kanye West,Shakira
Kanye West,Daddy Yankee
Kanye West,Ozuna
Kanye West,Maluma
Kanye West,Karol G
Kanye West,Luis Fonsi
Kanye West,Nicky Jam
Kanye West,BTS
Kanye West,BLACKPINK
Kanye West,Stray Kids
Kanye West,Kacey Musgraves
Kanye West,Maren Morris
Kanye West,Ellie Goulding
Kanye West,Rita Ora
Jay-Z,Travis Scott
Jay-Z,Post Malone
Jay-Z,Megan Thee Stallion
Jay-Z,Cardi B
Jay-Z,Nicki Minaj
Jay-Z,Lil Wayne
Jay-Z,Future
Jay-Z,21 Savage
Jay-Z,Metro Boomin
Jay-Z,Snoop Dogg
Jay-Z,Rihanna
Jay-Z,Beyoncé
Jay-Z,SZA
Jay-Z,H.E.R.
Jay-Z,Frank Ocean
Jay-Z,Coldplay
Jay-Z,Imagine Dragons
Jay-Z,Twenty One Pilots
Jay-Z,Fall Out Boy
Jay-Z,Panic! at the Disco
Jay-Z,Foo Fighters
Jay-Z,Calvin Harris
Jay-Z,David Guetta
Jay-Z,The Chainsmokers
Jay-Z,Marshmello
Jay-Z,Zedd
Jay-Z,Kygo
Jay-Z,Avicii
Jay-Z,Diplo
Jay-Z,Skrillex
Jay-Z,Martin Garrix
Jay-Z,Bad Bunny
Jay-Z,J Balvin
Jay-Z,Shakira
Jay-Z,Daddy Yankee
Jay-Z,Ozuna
Jay-Z,Maluma
Jay-Z,Karol G
Jay-Z,Luis Fonsi
Jay-Z,Nicky Jam
Jay-Z,BTS
Jay-Z,BLACKPINK
Jay-Z,Stray Kids
Jay-Z,Kacey Musgraves
Jay-Z,Maren Morris
Jay-Z,Sam Smith
Jay-Z,Ellie Goulding
Jay-Z,Rita Ora
Kendrick Lamar,Post Malone
Kendrick Lamar,Megan Thee Stallion
Kendrick Lamar,Cardi B
Kendrick Lamar,Nicki Minaj
Kendrick Lamar,21 Savage
Kendrick Lamar,H.E.R.
Kendrick Lamar,Frank Ocean
Kendrick Lamar,Coldplay
Kendrick Lamar,Imagine Dragons
Kendrick Lamar,Twenty One Pilots
Kendrick Lamar,Fall Out Boy
Kendrick Lamar,Panic! at the Disco
Kendrick Lamar,Linkin Park
Kendrick Lamar,Foo Fighters
Kendrick Lamar,Calvin Harris
Kendrick Lamar,David Guetta
Kendrick Lamar,The Chainsmokers
Kendrick Lamar,Marshmello
Kendrick Lamar,Zedd
Kendrick Lamar,Kygo
Kendrick Lamar,Avicii
Kendrick Lamar,Diplo
Kendrick Lamar,Skrillex
Kendrick Lamar,Martin Garrix
Kendrick Lamar,Bad Bunny
Kendrick Lamar,J Balvin
Kendrick Lamar,Shakira
Kendrick Lamar,Daddy Yankee
Kendrick Lamar,Ozuna
Kendrick Lamar,Maluma
Kendrick Lamar,Karol G
Kendrick Lamar,Luis Fonsi
Kendrick Lamar,Nicky Jam
Kendrick Lamar,BTS
Kendrick Lamar,BLACKPINK
Kendrick Lamar,Stray Kids
Kendrick Lamar,Kacey Musgraves
Kendrick Lamar,Maren Morris
Kendrick Lamar,Sam Smith
Kendrick Lamar,Ellie Goulding
Kendrick Lamar,Rita Ora
J. Cole,Travis Scott
J. Cole,Post Malone
J. Cole,Megan Thee Stallion
J. Cole,Cardi B
J. Cole,Nicki Minaj
J. Cole,Lil Wayne
J. Cole,Future
J. Cole,21 Savage
J. Cole,Metro Boomin
J. Cole,Snoop Dogg
J. Cole,Eminem
J. Cole,Rihanna
J. Cole,Beyoncé
J. Cole,SZA
J. Cole,H.E.R.
J. Cole,Frank Ocean
J. Cole,Coldplay
J. Cole,Imagine Dragons
J. Cole,Twenty One Pilots
J. Cole,Fall Out Boy
J. Cole,Panic! at the Disco
J. Cole,Linkin Park
J. Cole,Foo Fighters
J. Cole,Calvin Harris
J. Cole,David Guetta
J. Cole,The Chainsmokers
J. Cole,Marshmello
J. Cole,Zedd
J. Cole,Kygo
J. Cole,Avicii
J. Cole,Diplo
J. Cole,Skrillex
J. Cole,Martin Garrix
J. Cole,Bad Bunny
J. Cole,J Balvin
J. Cole,Shakira
J. Cole,Daddy Yankee
J. Cole,Ozuna
J. Cole,Maluma
J. Cole,Karol G
J. Cole,Luis Fonsi
J. Cole,Nicky Jam
J. Cole,BTS
J. Cole,BLACKPINK
J. Cole,Stray Kids
J. Cole,Kacey Musgraves
J. Cole,Maren Morris
J. Cole,Sam Smith
J. Cole,Ellie Goulding
J. Cole,Rita Ora
Travis Scott,Post Malone
Travis Scott,Megan Thee Stallion
Travis Scott,Cardi B
Travis Scott,Nicki Minaj
Travis Scott,Lil Wayne
Travis Scott,Future
Travis Scott,21 Savage
Travis Scott,Metro Boomin
Travis Scott,Snoop Dogg
Travis Scott,Eminem
Travis Scott,Rihanna
Travis Scott,Beyoncé
Travis Scott,SZA
Travis Scott,H.E.R.
Travis Scott,Frank Ocean
Travis Scott,Coldplay
Travis Scott,Imagine Dragons
Travis Scott,Twenty One Pilots
Travis Scott,Fall Out Boy
Travis Scott,Panic! at the Disco
Travis Scott,Linkin Park
Travis Scott,Foo Fighters
Travis Scott,Calvin Harris
Travis Scott,David Guetta
Travis Scott,The Chainsmokers
Travis Scott,Marshmello
Travis Scott,Zedd
Travis Scott,Kygo
Travis Scott,Avicii
Travis Scott,Diplo
Travis Scott,Skrillex
Travis Scott,Martin Garrix
Travis Scott,Bad Bunny
Travis Scott,J Balvin
Travis Scott,Shakira
Travis Scott,Daddy Yankee
Travis Scott,Ozuna
Travis Scott,Maluma
Travis Scott,Karol G
Travis Scott,Luis Fonsi
Travis Scott,Nicky Jam
Travis Scott,BTS
Travis Scott,BLACKPINK
Travis Scott,Stray Kids
Travis Scott,Kacey Musgraves
Travis Scott,Maren Morris
Travis Scott,Sam Smith
Travis Scott,Ellie Goulding
Travis Scott,Rita Ora
Post Malone,Megan Thee Stallion
Post Malone,Cardi B
Post Malone,Nicki Minaj
Post Malone,Lil Wayne
Post Malone,Future
Post Malone,21 Savage
Post Malone,Metro Boomin
Post Malone,Snoop Dogg
Post Malone,Eminem
Post Malone,Rihanna
Post Malone,Beyoncé
Post Malone,SZA
Post Malone,H.E.R.
Post Malone,Frank Ocean
Post Malone,Coldplay
Post Malone,Imagine Dragons
Post Malone,Twenty One Pilots
Post Malone,Fall Out Boy
Post Malone,Panic! at the Disco
Post Malone,Linkin Park
Post Malone,Foo Fighters
Post Malone,Calvin Harris
Post Malone,David Guetta
Post Malone,The Chainsmokers
Post Malone,Marshmello
Post Malone,Zedd
Post Malone,Kygo
Post Malone,Avicii
Post Malone,Diplo
Post Malone,Skrillex
Post Malone,Martin Garrix
Post Malone,Bad Bunny
Post Malone,J Balvin
Post Malone,Shakira
Post Malone,Daddy Yankee
Post Malone,Ozuna
Post Malone,Maluma
Post Malone,Karol G
Post Malone,Luis Fonsi
Post Malone,Nicky Jam
Post Malone,BTS
Post Malone,BLACKPINK
Post Malone,Stray Kids
Post Malone,Kacey Musgraves
Post Malone,Maren Morris
Post Malone,Sam Smith
Post Malone,Ellie Goulding
Post Malone,Rita Ora
Megan Thee Stallion,Cardi B
Megan Thee Stallion,Nicki Minaj
Megan Thee Stallion,Lil Wayne
Megan Thee Stallion,Future
Megan Thee Stallion,21 Savage
Megan Thee Stallion,Metro Boomin
Megan Thee Stallion,Snoop Dogg
Megan Thee Stallion,Eminem
Megan Thee Stallion,Rihanna
Megan Thee Stallion,Beyoncé
Megan Thee Stallion,SZA
Megan Thee Stallion,H.E.R.
Megan Thee Stallion,Frank Ocean
Megan Thee Stallion,Coldplay
Megan Thee Stallion,Imagine Dragons
Megan Thee Stallion,Twenty One Pilots
Megan Thee Stallion,Fall Out Boy
Megan Thee Stallion,Panic! at the Disco
Megan Thee Stallion,Linkin Park
Megan Thee Stallion,Foo Fighters
Megan Thee Stallion,Calvin Harris
Megan Thee Stallion,David Guetta
Megan Thee Stallion,The Chainsmokers
Megan Thee Stallion,Marshmello
Megan Thee Stallion,Zedd
Megan Thee Stallion,Kygo
Megan Thee Stallion,Avicii
Megan Thee Stallion,Diplo
Megan Thee Stallion,Skrillex
Megan Thee Stallion,Martin Garrix
Megan Thee Stallion,Bad Bunny
Megan Thee Stallion,J Balvin
Megan Thee Stallion,Shakira
Megan Thee Stallion,Daddy Yankee
Megan Thee Stallion,Ozuna
Megan Thee Stallion,Maluma
Megan Thee Stallion,Karol G
Megan Thee Stallion,Luis Fonsi
Megan Thee Stallion,Nicky Jam
Megan Thee Stallion,BTS
Megan Thee Stallion,BLACKPINK
Megan Thee Stallion,Stray Kids
Megan Thee Stallion,Kacey Musgraves
Megan Thee Stallion,Maren Morris
Megan Thee Stallion,Sam Smith
Megan Thee Stallion,Ellie Goulding
Megan Thee Stallion,Rita Ora
Cardi B,Nicki Minaj
Cardi B,Lil Wayne
Cardi B,Future
Cardi B,21 Savage
Cardi B,Metro Boomin
Cardi B,Snoop Dogg
Cardi B,Eminem
Cardi B,Rihanna
Cardi B,Beyoncé
Cardi B,SZA
Cardi B,H.E.R.
Cardi B,Frank Ocean
Cardi B,Coldplay
Cardi B,Imagine Dragons
Cardi B,Twenty One Pilots
Cardi B,Fall Out Boy
Cardi B,Panic! at the Disco
Cardi B,Linkin Park
Cardi B,Foo Fighters
Cardi B,Calvin Harris
Cardi B,David Guetta
Cardi B,The Chainsmokers
Cardi B,Marshmello
Cardi B,Zedd
Cardi B,Kygo
Cardi B,Avicii
Cardi B,Diplo
Cardi B,Skrillex
Cardi B,Martin Garrix
Cardi B,Bad Bunny
Cardi B,J Balvin
Cardi B,Shakira
Cardi B,Daddy Yankee
Cardi B,Ozuna
Cardi B,Maluma
Cardi B,Karol G
Cardi B,Luis Fonsi
Cardi B,Nicky Jam
Cardi B,BTS
Cardi B,BLACKPINK
Cardi B,Stray Kids
Cardi B,Kacey Musgraves
Cardi B,Maren Morris
Cardi B,Sam Smith
Cardi B,Ellie Goulding
Cardi B,Rita Ora
Nicki Minaj,Lil Wayne
Nicki Minaj,Future
Nicki Minaj,21 Savage
Nicki Minaj,Metro Boomin
Nicki Minaj,Snoop Dogg
Nicki Minaj,Eminem
Nicki Minaj,Rihanna
Nicki Minaj,Beyoncé
Nicki Minaj,SZA
Nicki Minaj,H.E.R.
Nicki Minaj,Frank Ocean
Nicki Minaj,Coldplay
Nicki Minaj,Imagine Dragons
Nicki Minaj,Twenty One Pilots
Nicki Minaj,Fall Out Boy
Nicki Minaj,Panic! at the Disco
Nicki Minaj,Linkin Park
Nicki Minaj,Foo Fighters
Nicki Minaj,Calvin Harris
Nicki Minaj,David Guetta
Nicki Minaj,The Chainsmokers
Nicki Minaj,Marshmello
Nicki Minaj,Zedd
Nicki Minaj,Kygo
Nicki Minaj,Avicii
Nicki Minaj,Diplo
Nicki Minaj,Skrillex
Nicki Minaj,Martin Garrix
Nicki Minaj,Bad Bunny
Nicki Minaj,J Balvin
Nicki Minaj,Shakira
Nicki Minaj,Daddy Yankee
Nicki Minaj,Ozuna
Nicki Minaj,Maluma
Nicki Minaj,Karol G
Nicki Minaj,Luis Fonsi
Nicki Minaj,Nicky Jam
Nicki Minaj,BTS
Nicki Minaj,BLACKPINK
Nicki Minaj,Stray Kids
Nicki Minaj,Kacey Musgraves
Nicki Minaj,Maren Morris
Nicki Minaj,Sam Smith
Nicki Minaj,Ellie Goulding
Nicki Minaj,Rita Ora
Lil Wayne,Future
Lil Wayne,21 Savage
Lil Wayne,Metro Boomin
Lil Wayne,Snoop Dogg
Lil Wayne,Eminem
Lil Wayne,Rihanna
Lil Wayne,Beyoncé
Lil Wayne,SZA
Lil Wayne,H.E.R.
Lil Wayne,Frank Ocean
Lil Wayne,Coldplay
Lil Wayne,Imagine Dragons
Lil Wayne,Twenty One Pilots
Lil Wayne,Fall Out Boy
Lil Wayne,Panic! at the Disco
Lil Wayne,Linkin Park
Lil Wayne,Foo Fighters
Lil Wayne,Calvin Harris
Lil Wayne,David Guetta
Lil Wayne,The Chainsmokers
Lil Wayne,Marshmello
Lil Wayne,Zedd
Lil Wayne,Kygo
Lil Wayne,Avicii
Lil Wayne,Diplo
Lil Wayne,Skrillex
Lil Wayne,Martin Garrix
Lil Wayne,Bad Bunny
Lil Wayne,J Balvin
Lil Wayne,Shakira
Lil Wayne,Daddy Yankee
Lil Wayne,Ozuna
Lil Wayne,Maluma
Lil Wayne,Karol G
Lil Wayne,Luis Fonsi
Lil Wayne,Nicky Jam
Lil Wayne,BTS
Lil Wayne,BLACKPINK
Lil Wayne,Stray Kids
Lil Wayne,Kacey Musgraves
Lil Wayne,Maren Morris
Lil Wayne,Sam Smith
Lil Wayne,Ellie Goulding
Lil Wayne,Rita Ora
Future,21 Savage
Future,Metro Boomin
Future,Snoop Dogg
Future,Eminem
Future,Rihanna
Future,Beyoncé
Future,SZA
Future,H.E.R.
Future,Frank Ocean
Future,Coldplay
Future,Imagine Dragons
Future,Twenty One Pilots
Future,Fall Out Boy
Future,Panic! at the Disco
Future,Linkin Park
Future,Foo Fighters
Future,Calvin Harris
Future,David Guetta
Future,The Chainsmokers
Future,Marshmello
Future,Zedd
Future,Kygo
Future,Avicii
Future,Diplo
Future,Skrillex
Future,Martin Garrix
Future,Bad Bunny
Future,J Balvin
Future,Shakira
Future,Daddy Yankee
Future,Ozuna
Future,Maluma
Future,Karol G
Future,Luis Fonsi
Future,Nicky Jam
Future,BTS
Future,BLACKPINK
Future,Stray Kids
Future,Kacey Musgraves
Future,Maren Morris
Future,Sam Smith
Future,Ellie Goulding
Future,Rita Ora
21 Savage,Metro Boomin
21 Savage,Snoop Dogg
21 Savage,Eminem
21 Savage,Rihanna
21 Savage,Beyoncé
21 Savage,SZA
21 Savage,H.E.R.
21 Savage,Frank Ocean
21 Savage,Coldplay
21 Savage,Imagine Dragons
21 Savage,Twenty One Pilots
21 Savage,Fall Out Boy
21 Savage,Panic! at the Disco
21 Savage,Linkin Park
21 Savage,Foo Fighters
21 Savage,Calvin Harris
21 Savage,David Guetta
21 Savage,The Chainsmokers
21 Savage,Marshmello
21 Savage,Zedd
21 Savage,Kygo
21 Savage,Avicii
21 Savage,Diplo
21 Savage,Skrillex
21 Savage,Martin Garrix
21 Savage,Bad Bunny
21 Savage,J Balvin
21 Savage,Shakira
21 Savage,Daddy Yankee
21 Savage,Ozuna
21 Savage,Maluma
21 Savage,Karol G
21 Savage,Luis Fonsi
21 Savage,Nicky Jam
21 Savage,BTS
21 Savage,BLACKPINK
21 Savage,Stray Kids
21 Savage,Kacey Musgraves
21 Savage,Maren Morris
21 Savage,Sam Smith
21 Savage,Ellie Goulding
21 Savage,Rita Ora
Metro Boomin,Snoop Dogg
Metro Boomin,Eminem
Metro Boomin,Rihanna
Metro Boomin,Beyoncé
Metro Boomin,SZA
Metro Boomin,H.E.R.
Metro Boomin,Frank Ocean
Metro Boomin,Coldplay
Metro Boomin,Imagine Dragons
Metro Boomin,Twenty One Pilots
Metro Boomin,Fall Out Boy
Metro Boomin,Panic! at the Disco
Metro Boomin,Linkin Park
Metro Boomin,Foo Fighters
Metro Boomin,Calvin Harris
Metro Boomin,David Guetta
Metro Boomin,The Chainsmokers
Metro Boomin,Marshmello
Metro Boomin,Zedd
Metro Boomin,Kygo
Metro Boomin,Avicii
Metro Boomin,Diplo
Metro Boomin,Skrillex
Metro Boomin,Martin Garrix
Metro Boomin,Bad Bunny
Metro Boomin,J Balvin
Metro Boomin,Shakira
Metro Boomin,Daddy Yankee
Metro Boomin,Ozuna
Metro Boomin,Maluma
Metro Boomin,Karol G
Metro Boomin,Luis Fonsi
Metro Boomin,Nicky Jam
Metro Boomin,BTS
Metro Boomin,BLACKPINK
Metro Boomin,Stray Kids
Metro Boomin,Kacey Musgraves
Metro Boomin,Maren Morris
Metro Boomin,Sam Smith
Metro Boomin,Ellie Goulding
Metro Boomin,Rita Ora
Snoop Dogg,Eminem
Snoop Dogg,Rihanna
Snoop Dogg,Beyoncé
Snoop Dogg,SZA
Snoop Dogg,H.E.R.
Snoop Dogg,Frank Ocean
Snoop Dogg,Coldplay
Snoop Dogg,Imagine Dragons
Snoop Dogg,Twenty One Pilots
Snoop Dogg,Fall Out Boy
Snoop Dogg,Panic! at the Disco
Snoop Dogg,Linkin Park
Snoop Dogg,Foo Fighters
Snoop Dogg,Calvin Harris
Snoop Dogg,David Guetta
Snoop Dogg,The Chainsmokers
Snoop Dogg,Marshmello
Snoop Dogg,Zedd
Snoop Dogg,Kygo
Snoop Dogg,Avicii
Snoop Dogg,Diplo
Snoop Dogg,Skrillex
Snoop Dogg,Martin Garrix
Snoop Dogg,Bad Bunny
Snoop Dogg,J Balvin
Snoop Dogg,Shakira
Snoop Dogg,Daddy Yankee
Snoop Dogg,Ozuna
Snoop Dogg,Maluma
Snoop Dogg,Karol G
Snoop Dogg,Luis Fonsi
Snoop Dogg,Nicky Jam
Snoop Dogg,BTS
Snoop Dogg,BLACKPINK
Snoop Dogg,Stray Kids
Snoop Dogg,Kacey Musgraves
Snoop Dogg,Maren Morris
Snoop Dogg,Sam Smith
Snoop Dogg,Ellie Goulding
Snoop Dogg,Rita Ora
Eminem,Rihanna
Eminem,Beyoncé
Eminem,SZA
Eminem,H.E.R.
Eminem,Frank Ocean
Eminem,Coldplay
Eminem,Imagine Dragons
Eminem,Twenty One Pilots
Eminem,Fall Out Boy
Eminem,Panic! at the Disco
Eminem,Linkin Park
Eminem,Foo Fighters
Eminem,Calvin Harris
Eminem,David Guetta
Eminem,The Chainsmokers
Eminem,Marshmello
Eminem,Zedd
Eminem,Kygo
Eminem,Avicii
Eminem,Diplo
Eminem,Skrillex
Eminem,Martin Garrix
Eminem,Bad Bunny
Eminem,J Balvin
Eminem,Shakira
Eminem,Daddy Yankee
Eminem,Ozuna
Eminem,Maluma
Eminem,Karol G
Eminem,Luis Fonsi
Eminem,Nicky Jam
Eminem,BTS
Eminem,BLACKPINK
Eminem,Stray Kids
Eminem,Kacey Musgraves
Eminem,Maren Morris
Eminem,Sam Smith
Eminem,Ellie Goulding
Eminem,Rita Ora
Rihanna,Beyoncé
Rihanna,SZA
Rihanna,H.E.R.
Rihanna,Frank Ocean
Rihanna,Coldplay
Rihanna,Imagine Dragons
Rihanna,Twenty One Pilots
Rihanna,Fall Out Boy
Rihanna,Panic! at the Disco
Rihanna,Linkin Park
Rihanna,Foo Fighters
Rihanna,Calvin Harris
Rihanna,David Guetta
Rihanna,The Chainsmokers
Rihanna,Marshmello
Rihanna,Zedd
Rihanna,Kygo
Rihanna,Avicii
Rihanna,Diplo
Rihanna,Skrillex
Rihanna,Martin Garrix
Rihanna,Bad Bunny
Rihanna,J Balvin
Rihanna,Shakira
Rihanna,Daddy Yankee
Rihanna,Ozuna
Rihanna,Maluma
Rihanna,Karol G
Rihanna,Luis Fonsi
Rihanna,Nicky Jam
Rihanna,BTS
Rihanna,BLACKPINK
Rihanna,Stray Kids
Rihanna,Kacey Musgraves
Rihanna,Maren Morris
Rihanna,Sam Smith
Rihanna,Ellie Goulding
Rihanna,Rita Ora
Beyoncé,SZA
Beyoncé,H.E.R.
Beyoncé,Frank Ocean
Beyoncé,Coldplay
Beyoncé,Imagine Dragons
Beyoncé,Twenty One Pilots
Beyoncé,Fall Out Boy
Beyoncé,Panic! at the Disco
Beyoncé,Linkin Park
Beyoncé,Foo Fighters
Beyoncé,Calvin Harris
Beyoncé,David Guetta
Beyoncé,The Chainsmokers
Beyoncé,Marshmello
Beyoncé,Zedd
Beyoncé,Kygo
Beyoncé,Avicii
Beyoncé,Diplo
Beyoncé,Skrillex
Beyoncé,Martin Garrix
Beyoncé,Bad Bunny
Beyoncé,J Balvin
Beyoncé,Shakira
Beyoncé,Daddy Yankee
Beyoncé,Ozuna
Beyoncé,Maluma
Beyoncé,Karol G
Beyoncé,Luis Fonsi
Beyoncé,Nicky Jam
Beyoncé,BTS
Beyoncé,BLACKPINK
Beyoncé,Stray Kids
Beyoncé,Kacey Musgraves
Beyoncé,Maren Morris
Beyoncé,Sam Smith
Beyoncé,Ellie Goulding
Beyoncé,Rita Ora
SZA,H.E.R.
SZA,Frank Ocean
SZA,Coldplay
SZA,Imagine Dragons
SZA,Twenty One Pilots
SZA,Fall Out Boy
SZA,Panic! at the Disco
SZA,Linkin Park
SZA,Foo Fighters
SZA,Calvin Harris
SZA,David Guetta
SZA,The Chainsmokers
SZA,Marshmello
SZA,Zedd
SZA,Kygo
SZA,Avicii
SZA,Diplo
SZA,Skrillex
SZA,Martin Garrix
SZA,Bad Bunny
SZA,J Balvin
SZA,Shakira
SZA,Daddy Yankee
SZA,Ozuna
SZA,Maluma
SZA,Karol G
SZA,Luis Fonsi
SZA,Nicky Jam
SZA,BTS
SZA,BLACKPINK
SZA,Stray Kids
SZA,Kacey Musgraves
SZA,Maren Morris
SZA,Sam Smith
SZA,Ellie Goulding
SZA,Rita Ora
H.E.R.,Frank Ocean
H.E.R.,Coldplay
H.E.R.,Imagine Dragons
H.E.R.,Twenty One Pilots
H.E.R.,Fall Out Boy
H.E.R.,Panic! at the Disco
H.E.R.,Linkin Park
H.E.R.,Foo Fighters
H.E.R.,Calvin Harris
H.E.R.,David Guetta
H.E.R.,The Chainsmokers
H.E.R.,Marshmello
H.E.R.,Zedd
H.E.R.,Kygo
H.E.R.,Avicii
H.E.R.,Diplo
H.E.R.,Skrillex
H.E.R.,Martin Garrix
H.E.R.,Bad Bunny
H.E.R.,J Balvin
H.E.R.,Shakira
H.E.R.,Daddy Yankee
H.E.R.,Ozuna
H.E.R.,Maluma
H.E.R.,Karol G
H.E.R.,Luis Fonsi
H.E.R.,Nicky Jam
H.E.R.,BTS
H.E.R.,BLACKPINK
H.E.R.,Stray Kids
H.E.R.,Kacey Musgraves
H.E.R.,Maren Morris
H.E.R.,Sam Smith
H.E.R.,Ellie Goulding
H.E.R.,Rita Ora
Frank Ocean,Coldplay
Frank Ocean,Imagine Dragons
Frank Ocean,Twenty One Pilots
Frank Ocean,Fall Out Boy
Frank Ocean,Panic! at the Disco
Frank Ocean,Linkin Park
Frank Ocean,Foo Fighters
Frank Ocean,Calvin Harris
Frank Ocean,David Guetta
Frank Ocean,The Chainsmokers
Frank Ocean,Marshmello
Frank Ocean,Zedd
Frank Ocean,Kygo
Frank Ocean,Avicii
Frank Ocean,Diplo
Frank Ocean,Skrillex
Frank Ocean,Martin Garrix
Frank Ocean,Bad Bunny
Frank Ocean,J Balvin
Frank Ocean,Shakira
Frank Ocean,Daddy Yankee
Frank Ocean,Ozuna
Frank Ocean,Maluma
Frank Ocean,Karol G
Frank Ocean,Luis Fonsi
Frank Ocean,Nicky Jam
Frank Ocean,BTS
Frank Ocean,BLACKPINK
Frank Ocean,Stray Kids
Frank Ocean,Kacey Musgraves
Frank Ocean,Maren Morris
Frank Ocean,Sam Smith
Frank Ocean,Ellie Goulding
Frank Ocean,Rita Ora
Coldplay,Imagine Dragons
Coldplay,Twenty One Pilots
Coldplay,Fall Out Boy
Coldplay,Panic! at the Disco
Coldplay,Linkin Park
Coldplay,Foo Fighters
Coldplay,Calvin Harris
Coldplay,David Guetta
Coldplay,The Chainsmokers
Coldplay,Marshmello
Coldplay,Zedd
Coldplay,Kygo
Coldplay,Avicii
Coldplay,Diplo
Coldplay,Skrillex
Coldplay,Martin Garrix
Coldplay,Bad Bunny
Coldplay,J Balvin
Coldplay,Shakira
Coldplay,Daddy Yankee
Coldplay,Ozuna
Coldplay,Maluma
Coldplay,Karol G
Coldplay,Luis Fonsi
Coldplay,Nicky Jam
Coldplay,BTS
Coldplay,BLACKPINK
Coldplay,Stray Kids
Coldplay,Kacey Musgraves
Coldplay,Maren Morris
Coldplay,Sam Smith
Coldplay,Ellie Goulding
Coldplay,Rita Ora
Imagine Dragons,Twenty One Pilots
Imagine Dragons,Fall Out Boy
Imagine Dragons,Panic! at the Disco
Imagine Dragons,Linkin Park
Imagine Dragons,Foo Fighters
Imagine Dragons,Calvin Harris
Imagine Dragons,David Guetta
Imagine Dragons,The Chainsmokers
Imagine Dragons,Marshmello
Imagine Dragons,Zedd
Imagine Dragons,Kygo
Imagine Dragons,Avicii
Imagine Dragons,Diplo
Imagine Dragons,Skrillex
Imagine Dragons,Martin Garrix
Imagine Dragons,Bad Bunny
Imagine Dragons,J Balvin
Imagine Dragons,Shakira
Imagine Dragons,Daddy Yankee
Imagine Dragons,Ozuna
Imagine Dragons,Maluma
Imagine Dragons,Karol G
Imagine Dragons,Luis Fonsi
Imagine Dragons,Nicky Jam
Imagine Dragons,BTS
Imagine Dragons,BLACKPINK
Imagine Dragons,Stray Kids
Imagine Dragons,Kacey Musgraves
Imagine Dragons,Maren Morris
Imagine Dragons,Sam Smith
Imagine Dragons,Ellie Goulding
Imagine Dragons,Rita Ora
Twenty One Pilots,Fall Out Boy
Twenty One Pilots,Panic! at the Disco
Twenty One Pilots,Linkin Park
Twenty One Pilots,Foo Fighters
Twenty One Pilots,Calvin Harris
Twenty One Pilots,David Guetta
Twenty One Pilots,The Chainsmokers
Twenty One Pilots,Marshmello
Twenty One Pilots,Zedd
Twenty One Pilots,Kygo
Twenty One Pilots,Avicii
Twenty One Pilots,Diplo
Twenty One Pilots,Skrillex
Twenty One Pilots,Martin Garrix
Twenty One Pilots,Bad Bunny
Twenty One Pilots,J Balvin
Twenty One Pilots,Shakira
Twenty One Pilots,Daddy Yankee
Twenty One Pilots,Ozuna
Twenty One Pilots,Maluma
Twenty One Pilots,Karol G
Twenty One Pilots,Luis Fonsi
Twenty One Pilots,Nicky Jam
Twenty One Pilots,BTS
Twenty One Pilots,BLACKPINK
Twenty One Pilots,Stray Kids
Twenty One Pilots,Kacey Musgraves
Twenty One Pilots,Maren Morris
Twenty One Pilots,Sam Smith
Twenty One Pilots,Ellie Goulding
Twenty One Pilots,Rita Ora
Fall Out Boy,Panic! at the Disco
Fall Out Boy,Linkin Park
Fall Out Boy,Foo Fighters
Fall Out Boy,Calvin Harris
Fall Out Boy,David Guetta
Fall Out Boy,The Chainsmokers
Fall Out Boy,Marshmello
Fall Out Boy,Zedd
Fall Out Boy,Kygo
Fall Out Boy,Avicii
Fall Out Boy,Diplo
Fall Out Boy,Skrillex
Fall Out Boy,Martin Garrix
Fall Out Boy,Bad Bunny
Fall Out Boy,J Balvin
Fall Out Boy,Shakira
Fall Out Boy,Daddy Yankee
Fall Out Boy,Ozuna
Fall Out Boy,Maluma
Fall Out Boy,Karol G
Fall Out Boy,Luis Fonsi
Fall Out Boy,Nicky Jam
Fall Out Boy,BTS
Fall Out Boy,BLACKPINK
Fall Out Boy,Stray Kids
Fall Out Boy,Kacey Musgraves
Fall Out Boy,Maren Morris
Fall Out Boy,Sam Smith
Fall Out Boy,Ellie Goulding
Fall Out Boy,Rita Ora
Panic! at the Disco,Linkin Park
Panic! at the Disco,Foo Fighters
Panic! at the Disco,Calvin Harris
Panic! at the Disco,David Guetta
Panic! at the Disco,The Chainsmokers
Panic! at the Disco,Marshmello
Panic! at the Disco,Zedd
Panic! at the Disco,Kygo
Panic! at the Disco,Avicii
Panic! at the Disco,Diplo
Panic! at the Disco,Skrillex
Panic! at the Disco,Martin Garrix
Panic! at the Disco,Bad Bunny
Panic! at the Disco,J Balvin
Panic! at the Disco,Shakira
Panic! at the Disco,Daddy Yankee
Panic! at the Disco,Ozuna
Panic! at the Disco,Maluma
Panic! at the Disco,Karol G
Panic! at the Disco,Luis Fonsi
Panic! at the Disco,Nicky Jam
Panic! at the Disco,BTS
Panic! at the Disco,BLACKPINK
Panic! at the Disco,Stray Kids
Panic! at the Disco,Kacey Musgraves
Panic! at the Disco,Maren Morris
Panic! at the Disco,Sam Smith
Panic! at the Disco,Ellie Goulding
Panic! at the Disco,Rita Ora
Linkin Park,Foo Fighters
Linkin Park,Calvin Harris
Linkin Park,David Guetta
Linkin Park,The Chainsmokers
Linkin Park,Marshmello
Linkin Park,Zedd
Linkin Park,Kygo
Linkin Park,Avicii
Linkin Park,Diplo
Linkin Park,Skrillex
Linkin Park,Martin Garrix
Linkin Park,Bad Bunny
Linkin Park,J Balvin
Linkin Park,Shakira
Linkin Park,Daddy Yankee
Linkin Park,Ozuna
Linkin Park,Maluma
Linkin Park,Karol G
Linkin Park,Luis Fonsi
Linkin Park,Nicky Jam
Linkin Park,BTS
Linkin Park,BLACKPINK
Linkin Park,Stray Kids
Linkin Park,Kacey Musgraves
Linkin Park,Maren Morris
Linkin Park,Sam Smith
Linkin Park,Ellie Goulding
Linkin Park,Rita Ora
Foo Fighters,Calvin Harris
Foo Fighters,David Guetta
Foo Fighters,The Chainsmokers
Foo Fighters,Marshmello
Foo Fighters,Zedd
Foo Fighters,Kygo
Foo Fighters,Avicii
Foo Fighters,Diplo
Foo Fighters,Skrillex
Foo Fighters,Martin Garrix
Foo Fighters,Bad Bunny
Foo Fighters,J Balvin
Foo Fighters,Shakira
Foo Fighters,Daddy Yankee
Foo Fighters,Ozuna
Foo Fighters,Maluma
Foo Fighters,Karol G
Foo Fighters,Luis Fonsi
Foo Fighters,Nicky Jam
Foo Fighters,BTS
Foo Fighters,BLACKPINK
Foo Fighters,Stray Kids
Foo Fighters,Kacey Musgraves
Foo Fighters,Maren Morris
Foo Fighters,Sam Smith
Foo Fighters,Ellie Goulding
Foo Fighters,Rita Ora
Calvin Harris,David Guetta
Calvin Harris,The Chainsmokers
Calvin Harris,Marshmello
Calvin Harris,Zedd
Calvin Harris,Kygo
Calvin Harris,Avicii
Calvin Harris,Diplo
Calvin Harris,Skrillex
Calvin Harris,Martin Garrix
Calvin Harris,Bad Bunny
Calvin Harris,J Balvin
Calvin Harris,Shakira
Calvin Harris,Daddy Yankee
Calvin Harris,Ozuna
Calvin Harris,Maluma
Calvin Harris,Karol G
Calvin Harris,Luis Fonsi
Calvin Harris,Nicky Jam
Calvin Harris,BTS
Calvin Harris,BLACKPINK
Calvin Harris,Stray Kids
Calvin Harris,Kacey Musgraves
Calvin Harris,Maren Morris
Calvin Harris,Sam Smith
Calvin Harris,Ellie Goulding
Calvin Harris,Rita Ora
David Guetta,The Chainsmokers
David Guetta,Marshmello
David Guetta,Zedd
David Guetta,Kygo
David Guetta,Avicii
David Guetta,Diplo
David Guetta,Skrillex
David Guetta,Martin Garrix
David Guetta,Bad Bunny
David Guetta,J Balvin
David Guetta,Shakira
David Guetta,Daddy Yankee
David Guetta,Ozuna
David Guetta,Maluma
David Guetta,Karol G
David Guetta,Luis Fonsi
David Guetta,Nicky Jam
David Guetta,BTS
David Guetta,BLACKPINK
David Guetta,Stray Kids
David Guetta,Kacey Musgraves
David Guetta,Maren Morris
David Guetta,Sam Smith
David Guetta,Ellie Goulding
David Guetta,Rita Ora
The Chainsmokers,Marshmello
The Chainsmokers,Zedd
The Chainsmokers,Kygo
The Chainsmokers,Avicii
The Chainsmokers,Diplo
The Chainsmokers,Skrillex
The Chainsmokers,Martin Garrix
The Chainsmokers,Bad Bunny
The Chainsmokers,J Balvin
The Chainsmokers,Shakira
The Chainsmokers,Daddy Yankee
The Chainsmokers,Ozuna
The Chainsmokers,Maluma
The Chainsmokers,Karol G
The Chainsmokers,Luis Fonsi
The Chainsmokers,Nicky Jam
The Chainsmokers,BTS
The Chainsmokers,BLACKPINK
The Chainsmokers,Stray Kids
The Chainsmokers,Kacey Musgraves
The Chainsmokers,Maren Morris
The Chainsmokers,Sam Smith
The Chainsmokers,Ellie Goulding
The Chainsmokers,Rita Ora
Marshmello,Zedd
Marshmello,Kygo
Marshmello,Avicii
Marshmello,Diplo
Marshmello,Skrillex
Marshmello,Martin Garrix
Marshmello,Bad Bunny
Marshmello,J Balvin
Marshmello,Shakira
Marshmello,Daddy Yankee
Marshmello,Ozuna
Marshmello,Maluma
Marshmello,Karol G
Marshmello,Luis Fonsi
Marshmello,Nicky Jam
Marshmello,BTS
Marshmello,BLACKPINK
Marshmello,Stray Kids
Marshmello,Kacey Musgraves
Marshmello,Maren Morris
Marshmello,Sam Smith
Marshmello,Ellie Goulding
Marshmello,Rita Ora
Zedd,Kygo
Zedd,Avicii
Zedd,Diplo
Zedd,Skrillex
Zedd,Martin Garrix
Zedd,Bad Bunny
Zedd,J Balvin
Zedd,Shakira
Zedd,Daddy Yankee
Zedd,Ozuna
Zedd,Maluma
Zedd,Karol G
Zedd,Luis Fonsi
Zedd,Nicky Jam
Zedd,BTS
Zedd,BLACKPINK
Zedd,Stray Kids
Zedd,Kacey Musgraves
Zedd,Maren Morris
Zedd,Sam Smith
Zedd,Ellie Goulding
Zedd,Rita Ora
Kygo,Avicii
Kygo,Diplo
Kygo,Skrillex
Kygo,Martin Garrix
Kygo,Bad Bunny
Kygo,J Balvin
Kygo,Shakira
Kygo,Daddy Yankee
Kygo,Ozuna
Kygo,Maluma
Kygo,Karol G
Kygo,Luis Fonsi
Kygo,Nicky Jam
Kygo,BTS
Kygo,BLACKPINK
Kygo,Stray Kids
Kygo,Kacey Musgraves
Kygo,Maren Morris
Kygo,Sam Smith
Kygo,Ellie Goulding
Kygo,Rita Ora
Avicii,Diplo
Avicii,Skrillex
Avicii,Martin Garrix
Avicii,Bad Bunny
Avicii,J Balvin
Avicii,Shakira
Avicii,Daddy Yankee
Avicii,Ozuna
Avicii,Maluma
Avicii,Karol G
Avicii,Luis Fonsi
Avicii,Nicky Jam
Avicii,BTS
Avicii,BLACKPINK
Avicii,Stray Kids
Avicii,Kacey Musgraves
Avicii,Maren Morris
Avicii,Sam Smith
Avicii,Ellie Goulding
Avicii,Rita Ora
Diplo,Skrillex
Diplo,Martin Garrix
Diplo,Bad Bunny
Diplo,J Balvin
Diplo,Shakira
Diplo,Daddy Yankee
Diplo,Ozuna
Diplo,Maluma
Diplo,Karol G
Diplo,Luis Fonsi
Diplo,Nicky Jam
Diplo,BTS
Diplo,BLACKPINK
Diplo,Stray Kids
Diplo,Kacey Musgraves
Diplo,Maren Morris
Diplo,Sam Smith
Diplo,Ellie Goulding
Diplo,Rita Ora
Skrillex,Martin Garrix
Skrillex,Bad Bunny
Skrillex,J Balvin
Skrillex,Shakira
Skrillex,Daddy Yankee
Skrillex,Ozuna
Skrillex,Maluma
Skrillex,Karol G
Skrillex,Luis Fonsi
Skrillex,Nicky Jam
Skrillex,BTS
Skrillex,BLACKPINK
Skrillex,Stray Kids
Skrillex,Kacey Musgraves
Skrillex,Maren Morris
Skrillex,Sam Smith
Skrillex,Ellie Goulding
Skrillex,Rita Ora
Martin Garrix,Bad Bunny
Martin Garrix,J Balvin
Martin Garrix,Shakira
Martin Garrix,Daddy Yankee
Martin Garrix,Ozuna
Martin Garrix,Maluma
Martin Garrix,Karol G
Martin Garrix,Luis Fonsi
Martin Garrix,Nicky Jam
Martin Garrix,BTS
Martin Garrix,BLACKPINK
Martin Garrix,Stray Kids
Martin Garrix,Kacey Musgraves
Martin Garrix,Maren Morris
Martin Garrix,Sam Smith
Martin Garrix,Ellie Goulding
Martin Garrix,Rita Ora
Bad Bunny,J Balvin
Bad Bunny,Shakira
Bad Bunny,Daddy Yankee
Bad Bunny,Ozuna
Bad Bunny,Maluma
Bad Bunny,Karol G
Bad Bunny,Luis Fonsi
Bad Bunny,Nicky Jam
Bad Bunny,BTS
Bad Bunny,BLACKPINK
Bad Bunny,Stray Kids
Bad Bunny,Kacey Musgraves
Bad Bunny,Maren Morris
Bad Bunny,Sam Smith
Bad Bunny,Ellie Goulding
Bad Bunny,Rita Ora
J Balvin,Shakira
J Balvin,Daddy Yankee
J Balvin,Ozuna
J Balvin,Maluma
J Balvin,Karol G
J Balvin,Luis Fonsi
J Balvin,Nicky Jam
J Balvin,BTS
J Balvin,BLACKPINK
J Balvin,Stray Kids
J Balvin,Kacey Musgraves
J Balvin,Maren Morris
J Balvin,Sam Smith
J Balvin,Ellie Goulding
J Balvin,Rita Ora
Shakira,Daddy Yankee
Shakira,Ozuna
Shakira,Maluma
Shakira,Karol G
Shakira,Luis Fonsi
Shakira,Nicky Jam
Shakira,BTS
Shakira,BLACKPINK
Shakira,Stray Kids
Shakira,Kacey Musgraves
Shakira,Maren Morris
Shakira,Sam Smith
Shakira,Ellie Goulding
Shakira,Rita Ora
Daddy Yankee,Ozuna
Daddy Yankee,Maluma
Daddy Yankee,Karol G
Daddy Yankee,Luis Fonsi
Daddy Yankee,Nicky Jam
Daddy Yankee,BTS
Daddy Yankee,BLACKPINK
Daddy Yankee,Stray Kids
Daddy Yankee,Kacey Musgraves
Daddy Yankee,Maren Morris
Daddy Yankee,Sam Smith
Daddy Yankee,Ellie Goulding
Daddy Yankee,Rita Ora
Ozuna,Maluma
Ozuna,Karol G
Ozuna,Luis Fonsi
Ozuna,Nicky Jam
Ozuna,BTS
Ozuna,BLACKPINK
Ozuna,Stray Kids
Ozuna,Kacey Musgraves
Ozuna,Maren Morris
Ozuna,Sam Smith
Ozuna,Ellie Goulding
Ozuna,Rita Ora
Maluma,Karol G
Maluma,Luis Fonsi
Maluma,Nicky Jam
Maluma,BTS
Maluma,BLACKPINK
Maluma,Stray Kids
Maluma,Kacey Musgraves
Maluma,Maren Morris
Maluma,Sam Smith
Maluma,Ellie Goulding
Maluma,Rita Ora
Karol G,Luis Fonsi
Karol G,Nicky Jam
Karol G,BTS
Karol G,BLACKPINK
Karol G,Stray Kids
Karol G,Kacey Musgraves
Karol G,Maren Morris
Karol G,Sam Smith
Karol G,Ellie Goulding
Karol G,Rita Ora
Luis Fonsi,Nicky Jam
Luis Fonsi,BTS
Luis Fonsi,BLACKPINK
Luis Fonsi,Stray Kids
Luis Fonsi,Kacey Musgraves
Luis Fonsi,Maren Morris
Luis Fonsi,Sam Smith
Luis Fonsi,Ellie Goulding
Luis Fonsi,Rita Ora
Nicky Jam,BTS
Nicky Jam,BLACKPINK
Nicky Jam,Stray Kids
Nicky Jam,Kacey Musgraves
Nicky Jam,Maren Morris
Nicky Jam,Sam Smith
Nicky Jam,Ellie Goulding
Nicky Jam,Rita Ora
BTS,BLACKPINK
BTS,Stray Kids
BTS,Kacey Musgraves
BTS,Maren Morris
BTS,Sam Smith
BTS,Ellie Goulding
BTS,Rita Ora
BLACKPINK,Stray Kids
BLACKPINK,Kacey Musgraves
BLACKPINK,Maren Morris
BLACKPINK,Sam Smith
BLACKPINK,Ellie Goulding
BLACKPINK,Rita Ora
Stray Kids,Kacey Musgraves
Stray Kids,Maren Morris
Stray Kids,Sam Smith
Stray Kids,Ellie Goulding
Stray Kids,Rita Ora
Kacey Musgraves,Maren Morris
Kacey Musgraves,Sam Smith
Kacey Musgraves,Ellie Goulding
Kacey Musgraves,Rita Ora
Maren Morris,Sam Smith
Maren Morris,Ellie Goulding
Maren Morris,Rita Ora
Sam Smith,Ellie Goulding
Sam Smith,Rita Ora
Ellie Goulding,Rita Ora
