"Artist_01","Artist_01_Tags","Artist_02","Artist_02_Tags","Song_Title","Collaboration_Status","Release_Year","Region","MB_Rating_Value","MB_Rating_Votes","Peak_Chart_Position"
"Jay-Z","boom bap, chipmunk soul, east coast hip hop, hardcore hip hop, hip hop, pop","Rihanna","contemporary r&b, dance, dance-pop, dancehall, electro house, electropop","Umbrella (Seamus Haji club remix)","Failure","2007","US","","",""
"Frank Ocean","alternative r&b, contemporary r&b, pop, r&b","Kendrick Lamar","alternative hip hop, conscious hip hop, hardcore hip hop, hip hop, jazz rap, pop","Bend Ya Neck","Failure","2013","US","","",""
"Frank Ocean","alternative r&b, contemporary r&b, pop, r&b","Kendrick Lamar","alternative hip hop, conscious hip hop, hardcore hip hop, hip hop, jazz rap, pop","Bend Ya","Failure","2017","US","","",""
"Imagine Dragons","alternative pop, alternative rock, electropop, indie pop, indietronica, pop","Kendrick Lamar","alternative hip hop, conscious hip hop, hardcore hip hop, hip hop, jazz rap, pop","Radioactive","Failure","2014","US","","",""
"Kendrick Lamar","alternative hip hop, conscious hip hop, hardcore hip hop, hip hop, jazz rap, pop","The Chainsmokers","dance-pop, edm, electro house, electronic, electropop, future bass","Chart Mix: November 2016: All We Know / Starboy / The Greatest / Cool Girl / Blow Your Mind (Mwah) / 24K Magic","Failure","2016","US","","",""
"Kendrick Lamar","alternative hip hop, conscious hip hop, hardcore hip hop, hip hop, jazz rap, pop","Skrillex","brostep, complextro, drumstep, dubstep, edm, electro house","HUMBLE. (Skrillex remix)","Failure","","US","","",""
"J. Cole","easy listening, jazz, pop, r&b, swing, traditional pop","Travis Scott","experimental hip hop, hip hop, pop rap, southern hip hop, trap","The London","Failure","2019","US","","",""
"J. Cole","easy listening, jazz, pop, r&b, swing, traditional pop","Travis Scott","experimental hip hop, hip hop, pop rap, southern hip hop, trap","Butterfly Effect","Failure","2019","US","","",""
"J. Cole","easy listening, jazz, pop, r&b, swing, traditional pop","Nicki Minaj","east coast hip hop, electronic, hip hop, pop, pop rap, r&b","Let Me Calm Down","Success","2023","US","","",""
"J. Cole","easy listening, jazz, pop, r&b, swing, traditional pop","Lil Wayne","gangsta rap, hip hop, pop, pop rap, r&b, rap rock","Green Ranger","Failure","2012","US","","",""
"Future","hip hop, southern hip hop, trap","J. Cole","easy listening, jazz, pop, r&b, swing, traditional pop","Red Leather","Success","2024","US","","",""
"21 Savage","gangsta rap, hip hop, pop rap, southern hip hop, trap","J. Cole","easy listening, jazz, pop, r&b, swing, traditional pop","m y . l i f e","Failure","2021","US","","",""
"J. Cole","easy listening, jazz, pop, r&b, swing, traditional pop","Metro Boomin","hip hop, trap","Red Leather","Success","2024","US","","",""
"Beyoncé","alternative r&b, americana, contemporary r&b, country, dance, dance-pop","J. Cole","easy listening, jazz, pop, r&b, swing, traditional pop","Party (remix)","Failure","2012","US","","",""
"Coldplay","alternative rock, art pop, britpop, dream pop, piano rock, pop","J. Cole","easy listening, jazz, pop, r&b, swing, traditional pop","She Knows / Hymn for the Weekend","Failure","","UK","","",""
"J. Cole","easy listening, jazz, pop, r&b, swing, traditional pop","Rita Ora","contemporary r&b, dance-pop, electropop, pop, pop rock","Love and War","Failure","2012","US","","",""
"Post Malone","alternative r&b, cloud rap, contemporary r&b, country, hip hop, pop rap","Travis Scott","experimental hip hop, hip hop, pop rap, southern hip hop, trap","Take What You Want","Success","2019","US","","",""
"Post Malone","alternative r&b, cloud rap, contemporary r&b, country, hip hop, pop rap","Travis Scott","experimental hip hop, hip hop, pop rap, southern hip hop, trap","Celebrate","Failure","2019","US","","",""
"Nicki Minaj","east coast hip hop, electronic, hip hop, pop, pop rap, r&b","Travis Scott","experimental hip hop, hip hop, pop rap, southern hip hop, trap","Krippy Kush (Travis Scott remix)","Failure","2017","US","","",""
"Nicki Minaj","east coast hip hop, electronic, hip hop, pop, pop rap, r&b","Travis Scott","experimental hip hop, hip hop, pop rap, southern hip hop, trap","FTCU (SLEEZEMIX)","Failure","","US","","",""
"Lil Wayne","gangsta rap, hip hop, pop, pop rap, r&b, rap rock","Travis Scott","experimental hip hop, hip hop, pop rap, southern hip hop, trap","Let It Fly","Success","2018","US","","",""
"Lil Wayne","gangsta rap, hip hop, pop, pop rap, r&b, rap rock","Travis Scott","experimental hip hop, hip hop, pop rap, southern hip hop, trap","For Everybody (Remix)","Failure","2017","US","","",""
"Lil Wayne","gangsta rap, hip hop, pop, pop rap, r&b, rap rock","Travis Scott","experimental hip hop, hip hop, pop rap, southern hip hop, trap","Tourist","Failure","2016","US","","",""
"Future","hip hop, southern hip hop, trap","Travis Scott","experimental hip hop, hip hop, pop rap, southern hip hop, trap","First Off","Failure","2019","US","","",""
"Future","hip hop, southern hip hop, trap","Travis Scott","experimental hip hop, hip hop, pop rap, southern hip hop, trap","SOUTH OF FRANCE (REMIX)","Failure","2024","US","","",""
"Future","hip hop, southern hip hop, trap","Travis Scott","experimental hip hop, hip hop, pop rap, southern hip hop, trap","Solitaires","Failure","2020","US","","",""
"Future","hip hop, southern hip hop, trap","Travis Scott","experimental hip hop, hip hop, pop rap, southern hip hop, trap","WHERE WAS YOU","Failure","2025","US","","",""
"Future","hip hop, southern hip hop, trap","Travis Scott","experimental hip hop, hip hop, pop rap, southern hip hop, trap","Cinderella","Success","2024","US","","",""
"Future","hip hop, southern hip hop, trap","Travis Scott","experimental hip hop, hip hop, pop rap, southern hip hop, trap","Lock on Me","Success","","US","","",""
"Future","hip hop, southern hip hop, trap","Travis Scott","experimental hip hop, hip hop, pop rap, southern hip hop, trap","Hold That Heat","Failure","","US","","",""
"Future","hip hop, southern hip hop, trap","Travis Scott","experimental hip hop, hip hop, pop rap, southern hip hop, trap","CHARGE DEM HOES A FEE","Success","2025","US","","",""
"21 Savage","gangsta rap, hip hop, pop rap, southern hip hop, trap","Travis Scott","experimental hip hop, hip hop, pop rap, southern hip hop, trap","NC-17","Failure","2019","US","","",""
"21 Savage","gangsta rap, hip hop, pop rap, southern hip hop, trap","Travis Scott","experimental hip hop, hip hop, pop rap, southern hip hop, trap","No Vacancy","Failure","2025","US","","",""
"21 Savage","gangsta rap, hip hop, pop rap, southern hip hop, trap","Travis Scott","experimental hip hop, hip hop, pop rap, southern hip hop, trap","Dinosaurus","Failure","","US","","",""
"21 Savage","gangsta rap, hip hop, pop rap, southern hip hop, trap","Travis Scott","experimental hip hop, hip hop, pop rap, southern hip hop, trap","outside","Failure","2016","US","","",""
"21 Savage","gangsta rap, hip hop, pop rap, southern hip hop, trap","Travis Scott","experimental hip hop, hip hop, pop rap, southern hip hop, trap","née-nah (slowed down)","Failure","","US","","",""
"21 Savage","gangsta rap, hip hop, pop rap, southern hip hop, trap","Travis Scott","experimental hip hop, hip hop, pop rap, southern hip hop, trap","TOPIA TWINS","Success","2023","US","","",""
"21 Savage","gangsta rap, hip hop, pop rap, southern hip hop, trap","Travis Scott","experimental hip hop, hip hop, pop rap, southern hip hop, trap","née‐nah (sped up)","Failure","","US","","",""
"21 Savage","gangsta rap, hip hop, pop rap, southern hip hop, trap","Travis Scott","experimental hip hop, hip hop, pop rap, southern hip hop, trap","Pussy & Millions","Success","2023","US","","",""
"21 Savage","gangsta rap, hip hop, pop rap, southern hip hop, trap","Travis Scott","experimental hip hop, hip hop, pop rap, southern hip hop, trap","Legacy","Failure","2019","US","","",""
"Metro Boomin","hip hop, trap","Travis Scott","experimental hip hop, hip hop, pop rap, southern hip hop, trap","Raindrops (Insane)","Success","2022","US","","",""
"Metro Boomin","hip hop, trap","Travis Scott","experimental hip hop, hip hop, pop rap, southern hip hop, trap","Only 1 (interlude)","Success","2018","US","","",""
"Metro Boomin","hip hop, trap","Travis Scott","experimental hip hop, hip hop, pop rap, southern hip hop, trap","Overdue","Success","2018","US","","",""
"Metro Boomin","hip hop, trap","Travis Scott","experimental hip hop, hip hop, pop rap, southern hip hop, trap","Blue Pill","Failure","2017","US","","",""
"Metro Boomin","hip hop, trap","Travis Scott","experimental hip hop, hip hop, pop rap, southern hip hop, trap","Lock on Me","Success","2022","US","","",""
"Beyoncé","alternative r&b, americana, contemporary r&b, country, dance, dance-pop","Travis Scott","experimental hip hop, hip hop, pop rap, southern hip hop, trap","DELRESTO (ECHOES)","Success","2023","US","","",""
"Beyoncé","alternative r&b, americana, contemporary r&b, country, dance, dance-pop","Travis Scott","experimental hip hop, hip hop, pop rap, southern hip hop, trap","echoes","Failure","2023","US","","",""
"SZA","alternative r&b, contemporary r&b, electronic, hip hop soul, neo soul, pop","Travis Scott","experimental hip hop, hip hop, pop rap, southern hip hop, trap","Love Galore","Success","2017","US","","",""
"SZA","alternative r&b, contemporary r&b, electronic, hip hop soul, neo soul, pop","Travis Scott","experimental hip hop, hip hop, pop rap, southern hip hop, trap","Open Arms","Success","2023","US","","",""
"SZA","alternative r&b, contemporary r&b, electronic, hip hop soul, neo soul, pop","Travis Scott","experimental hip hop, hip hop, pop rap, southern hip hop, trap","Power Is Power","Success","2019","US","","",""
"SZA","alternative r&b, contemporary r&b, electronic, hip hop soul, neo soul, pop","Travis Scott","experimental hip hop, hip hop, pop rap, southern hip hop, trap","TELEKINESIS","Failure","","US","","",""
"Frank Ocean","alternative r&b, contemporary r&b, pop, r&b","Travis Scott","experimental hip hop, hip hop, pop rap, southern hip hop, trap","Lens","Failure","2017","US","","",""
"Frank Ocean","alternative r&b, contemporary r&b, pop, r&b","Travis Scott","experimental hip hop, hip hop, pop rap, southern hip hop, trap","Carousel","Failure","2019","US","","",""
"Calvin Harris","club, dance, dance-pop, edm, electro house, electronic","Travis Scott","experimental hip hop, hip hop, pop rap, southern hip hop, trap","Prayers Up","Success","2017","US","","",""
"Calvin Harris","club, dance, dance-pop, edm, electro house, electronic","Travis Scott","experimental hip hop, hip hop, pop rap, southern hip hop, trap","Don’t Quit","Failure","2017","US","","",""
"Skrillex","brostep, complextro, drumstep, dubstep, edm, electro house","Travis Scott","experimental hip hop, hip hop, pop rap, southern hip hop, trap","SICKO MODE (Steven Montana Edit)","Failure","","US","","",""
"Bad Bunny","hip hop, latin, reggaeton, trap latino","Travis Scott","experimental hip hop, hip hop, pop rap, southern hip hop, trap","K‐POP","Success","2023","Latin America","","",""
"Bad Bunny","hip hop, latin, reggaeton, trap latino","Travis Scott","experimental hip hop, hip hop, pop rap, southern hip hop, trap","Krippy Kush (Travis Scott remix)","Failure","2017","Latin America","","",""
"Megan Thee Stallion","hip hop, pop rap, southern hip hop, trap","Post Malone","alternative r&b, cloud rap, contemporary r&b, country, hip hop, pop rap","I DID IT","Failure","2021","US","","",""
"Cardi B","alternative pop, east coast hip hop, hardcore hip hop, hip hop, pop, pop rap","Post Malone","alternative r&b, cloud rap, contemporary r&b, country, hip hop, pop rap","Writing on the Wall","Failure","2019","US","","",""
"Nicki Minaj","east coast hip hop, electronic, hip hop, pop, pop rap, r&b","Post Malone","alternative r&b, cloud rap, contemporary r&b, country, hip hop, pop rap","Ball for Me","Success","2018","US","","",""
"Lil Wayne","gangsta rap, hip hop, pop, pop rap, r&b, rap rock","Post Malone","alternative r&b, cloud rap, contemporary r&b, country, hip hop, pop rap","What About Me","Failure","2018","US","","",""
"Future","hip hop, southern hip hop, trap","Post Malone","alternative r&b, cloud rap, contemporary r&b, country, hip hop, pop rap","Congratulations (Remix)","Failure","2017","US","","",""
"Future","hip hop, southern hip hop, trap","Post Malone","alternative r&b, cloud rap, contemporary r&b, country, hip hop, pop rap","Die for Me","Success","2019","US","","",""
"21 Savage","gangsta rap, hip hop, pop rap, southern hip hop, trap","Post Malone","alternative r&b, cloud rap, contemporary r&b, country, hip hop, pop rap","rockstar","Success","2017","US","","",""
"Beyoncé","alternative r&b, americana, contemporary r&b, country, dance, dance-pop","Post Malone","alternative r&b, cloud rap, contemporary r&b, country, hip hop, pop rap","LEVII’S JEANS","Success","2024","US","","",""
"Post Malone","alternative r&b, cloud rap, contemporary r&b, country, hip hop, pop rap","SZA","alternative r&b, contemporary r&b, electronic, hip hop soul, neo soul, pop","Staring at the Sun","Success","2019","US","","",""
"Post Malone","alternative r&b, cloud rap, contemporary r&b, country, hip hop, pop rap","SZA","alternative r&b, contemporary r&b, electronic, hip hop soul, neo soul, pop","Homemade Dynamite (REMIX)","Failure","2019","US","","",""
"J Balvin","hip hop, latin, latin pop, pop, reggaeton","Post Malone","alternative r&b, cloud rap, contemporary r&b, country, hip hop, pop rap","Rockstar vs. Mi gente (DJs From Mars x Rudeejay & Da Brozz club Bootleg)","Failure","2018","Latin America","","",""
"J Balvin","hip hop, latin, latin pop, pop, reggaeton","Post Malone","alternative r&b, cloud rap, contemporary r&b, country, hip hop, pop rap","Spicy (remix)","Failure","2021","Latin America","","",""
"Ozuna","latin, reggaeton, trap latino","Post Malone","alternative r&b, cloud rap, contemporary r&b, country, hip hop, pop rap","rockstar (remix)","Failure","2017","Latin America","","",""
"Nicky Jam","alternative rock, classic rock, experimental rock, funk rock, grunge, hard rock","Post Malone","alternative r&b, cloud rap, contemporary r&b, country, hip hop, pop rap","rockstar (remix)","Failure","2017","US","","",""
"Nicky Jam","alternative rock, classic rock, experimental rock, funk rock, grunge, hard rock","Post Malone","alternative r&b, cloud rap, contemporary r&b, country, hip hop, pop rap","Sunflower (remix)","Failure","2019","US","","",""
"Post Malone","alternative r&b, cloud rap, contemporary r&b, country, hip hop, pop rap","Rita Ora","contemporary r&b, dance-pop, electropop, pop, pop rock","Feel","Failure","2015","US","","",""
"Cardi B","alternative pop, east coast hip hop, hardcore hip hop, hip hop, pop, pop rap","Megan Thee Stallion","hip hop, pop rap, southern hip hop, trap","Bongos","Success","2023","US","","",""
"Cardi B","alternative pop, east coast hip hop, hardcore hip hop, hip hop, pop, pop rap","Megan Thee Stallion","hip hop, pop rap, southern hip hop, trap","WAP (Asquith 90s techno remix)","Failure","2020","US","","",""
"Megan Thee Stallion","hip hop, pop rap, southern hip hop, trap","Nicki Minaj","east coast hip hop, electronic, hip hop, pop, pop rap, r&b","Hot Girl Summer","Failure","2019","US","","",""
"Megan Thee Stallion","hip hop, pop rap, southern hip hop, trap","Nicki Minaj","east coast hip hop, electronic, hip hop, pop, pop rap, r&b","Hot Girl Summer - Lil Wicked Hype Intro (Dirty)","Failure","2021","US","","",""
"Future","hip hop, southern hip hop, trap","Megan Thee Stallion","hip hop, pop rap, southern hip hop, trap","Pressurelicious","Success","2022","US","","",""
"Beyoncé","alternative r&b, americana, contemporary r&b, country, dance, dance-pop","Megan Thee Stallion","hip hop, pop rap, southern hip hop, trap","Savage Remix","Success","2020","US","","",""
"Beyoncé","alternative r&b, americana, contemporary r&b, country, dance, dance-pop","Megan Thee Stallion","hip hop, pop rap, southern hip hop, trap","Savage (remix)","Failure","2020","US","","",""
"Megan Thee Stallion","hip hop, pop rap, southern hip hop, trap","SZA","alternative r&b, contemporary r&b, electronic, hip hop soul, neo soul, pop","Freaky Girls","Success","2020","US","","",""
"Marshmello","edm, future bass, hip hop, progressive house, trap edm","Megan Thee Stallion","hip hop, pop rap, southern hip hop, trap","Bad Bitches","Failure","2021","US","","",""
"Megan Thee Stallion","hip hop, pop rap, southern hip hop, trap","Ozuna","latin, reggaeton, trap latino","SG","Success","2021","US","","",""
"Maluma","latin, latin pop, reggaeton, trap latino","Megan Thee Stallion","hip hop, pop rap, southern hip hop, trap","Crazy Family","Failure","2021","Latin America","","",""
"BTS","k-pop, pop","Megan Thee Stallion","hip hop, pop rap, southern hip hop, trap","Butter","Failure","2021","Asia","","",""
"Cardi B","alternative pop, east coast hip hop, hardcore hip hop, hip hop, pop, pop rap","Nicki Minaj","east coast hip hop, electronic, hip hop, pop, pop rap, r&b","MotorSport","Success","2017","US","","",""
"21 Savage","gangsta rap, hip hop, pop rap, southern hip hop, trap","Cardi B","alternative pop, east coast hip hop, hardcore hip hop, hip hop, pop, pop rap","Bartier Cardi","Success","2017","US","","",""
"21 Savage","gangsta rap, hip hop, pop rap, southern hip hop, trap","Cardi B","alternative pop, east coast hip hop, hardcore hip hop, hip hop, pop, pop rap","Wish Wish","Failure","2019","US","","",""
"Cardi B","alternative pop, east coast hip hop, hardcore hip hop, hip hop, pop, pop rap","SZA","alternative r&b, contemporary r&b, electronic, hip hop soul, neo soul, pop","I Do","Success","2018","US","","",""
"Cardi B","alternative pop, east coast hip hop, hardcore hip hop, hip hop, pop, pop rap","SZA","alternative r&b, contemporary r&b, electronic, hip hop soul, neo soul, pop","No Love (extended version)","Failure","2022","US","","",""
"Cardi B","alternative pop, east coast hip hop, hardcore hip hop, hip hop, pop, pop rap","SZA","alternative r&b, contemporary r&b, electronic, hip hop soul, neo soul, pop","Never Lose Me","Failure","2024","US","","",""
"Cardi B","alternative pop, east coast hip hop, hardcore hip hop, hip hop, pop, pop rap","David Guetta","dance, dance-pop, electro house, electronic, electropop, festival progressive house","I Like It (Steven Montana edit)","Failure","","US","","",""
"Bad Bunny","hip hop, latin, reggaeton, trap latino","Cardi B","alternative pop, east coast hip hop, hardcore hip hop, hip hop, pop, pop rap","I Like It","Success","2018","Latin America","","",""
"Cardi B","alternative pop, east coast hip hop, hardcore hip hop, hip hop, pop, pop rap","J Balvin","hip hop, latin, latin pop, pop, reggaeton","I Like It","Success","2018","US","","",""
"Cardi B","alternative pop, east coast hip hop, hardcore hip hop, hip hop, pop, pop rap","Shakira","latin, latin pop, pop, pop rock","Puntería","Success","2024","US","","",""
"Cardi B","alternative pop, east coast hip hop, hardcore hip hop, hip hop, pop, pop rap","Ozuna","latin, reggaeton, trap latino","La modelo","Failure","2017","US","","",""
"Cardi B","alternative pop, east coast hip hop, hardcore hip hop, hip hop, pop, pop rap","Ozuna","latin, reggaeton, trap latino","Taki Taki","Success","2018","US","","",""
"Cardi B","alternative pop, east coast hip hop, hardcore hip hop, hip hop, pop, pop rap","Ozuna","latin, reggaeton, trap latino","Ahora dice (Real Hasta la Muerte remix)","Failure","","US","","",""
"BLACKPINK","hip hop, k-pop, pop","Cardi B","alternative pop, east coast hip hop, hardcore hip hop, hip hop, pop, pop rap","Bet You Wanna","Success","2020","Asia","","",""
"Cardi B","alternative pop, east coast hip hop, hardcore hip hop, hip hop, pop, pop rap","Rita Ora","contemporary r&b, dance-pop, electropop, pop, pop rock","Girls (Steve Aoki remix)","Success","2018","US","","",""
"Lil Wayne","gangsta rap, hip hop, pop, pop rap, r&b, rap rock","Nicki Minaj","east coast hip hop, electronic, hip hop, pop, pop rap, r&b","Lollipop (remix)","Failure","2008","US","","",""
"Lil Wayne","gangsta rap, hip hop, pop, pop rap, r&b, rap rock","Nicki Minaj","east coast hip hop, electronic, hip hop, pop, pop rap, r&b","What’s Wrong With Them","Failure","2011","US","","",""
"Lil Wayne","gangsta rap, hip hop, pop, pop rap, r&b, rap rock","Nicki Minaj","east coast hip hop, electronic, hip hop, pop, pop rap, r&b","Gotta Go Hard","Success","2021","US","","",""
"Lil Wayne","gangsta rap, hip hop, pop, pop rap, r&b, rap rock","Nicki Minaj","east coast hip hop, electronic, hip hop, pop, pop rap, r&b","Rich Sex","Failure","2018","US","","",""
"Lil Wayne","gangsta rap, hip hop, pop, pop rap, r&b, rap rock","Nicki Minaj","east coast hip hop, electronic, hip hop, pop, pop rap, r&b","Roman Reloaded","Success","2012","US","","",""
"Lil Wayne","gangsta rap, hip hop, pop, pop rap, r&b, rap rock","Nicki Minaj","east coast hip hop, electronic, hip hop, pop, pop rap, r&b","Go Hard","Failure","2009","US","","",""
"Lil Wayne","gangsta rap, hip hop, pop, pop rap, r&b, rap rock","Nicki Minaj","east coast hip hop, electronic, hip hop, pop, pop rap, r&b","I Get Crazy","Failure","2009","US","","",""
"Lil Wayne","gangsta rap, hip hop, pop, pop rap, r&b, rap rock","Nicki Minaj","east coast hip hop, electronic, hip hop, pop, pop rap, r&b","Romans Revenge (remix)","Failure","2011","US","","",""
"Future","hip hop, southern hip hop, trap","Nicki Minaj","east coast hip hop, electronic, hip hop, pop, pop rap, r&b","Rock Star","Failure","2014","US","","",""
"Future","hip hop, southern hip hop, trap","Nicki Minaj","east coast hip hop, electronic, hip hop, pop, pop rap, r&b","Nicki Hendrix","Success","2023","US","","",""
"Future","hip hop, southern hip hop, trap","Nicki Minaj","east coast hip hop, electronic, hip hop, pop, pop rap, r&b","You da Baddest","Failure","2017","US","","",""
"Future","hip hop, southern hip hop, trap","Nicki Minaj","east coast hip hop, electronic, hip hop, pop, pop rap, r&b","Transformer","Failure","2018","US","","",""
"Future","hip hop, southern hip hop, trap","Nicki Minaj","east coast hip hop, electronic, hip hop, pop, pop rap, r&b","Sir","Success","2018","US","","",""
"Future","hip hop, southern hip hop, trap","Nicki Minaj","east coast hip hop, electronic, hip hop, pop, pop rap, r&b","Press Play","Failure","","US","","",""
"21 Savage","gangsta rap, hip hop, pop rap, southern hip hop, trap","Nicki Minaj","east coast hip hop, electronic, hip hop, pop, pop rap, r&b","Krippy Kush","Failure","2017","US","","",""
"21 Savage","gangsta rap, hip hop, pop rap, southern hip hop, trap","Nicki Minaj","east coast hip hop, electronic, hip hop, pop, pop rap, r&b","Krispy Kush (remix)","Failure","2017","US","","",""
"21 Savage","gangsta rap, hip hop, pop rap, southern hip hop, trap","Nicki Minaj","east coast hip hop, electronic, hip hop, pop, pop rap, r&b","No Flag","Failure","2017","US","","",""
"Nicki Minaj","east coast hip hop, electronic, hip hop, pop, pop rap, r&b","Snoop Dogg","g-funk, gangsta rap, hip hop, west coast hip hop","Pop Party: 2010–2013: Don’t Stop the Party / Where Them Girls At / Give Me Everything / Won’t Go Quietly / Rock That Body / Sweat / Bounce / Changed the Way You Kiss Me / OMG / Moves Like Jagger / Party Rock Anthem / Yeah 3x","Failure","2014","US","","",""
"Eminem","boom bap, conscious hip hop, hardcore hip hop, hip hop, horrorcore, pop rap","Nicki Minaj","east coast hip hop, electronic, hip hop, pop, pop rap, r&b","Roman’s Revenge","Success","2010","US","","",""
"Eminem","boom bap, conscious hip hop, hardcore hip hop, hip hop, horrorcore, pop rap","Nicki Minaj","east coast hip hop, electronic, hip hop, pop, pop rap, r&b","Roman's Revenge","Failure","2012","US","","",""
"Eminem","boom bap, conscious hip hop, hardcore hip hop, hip hop, horrorcore, pop rap","Nicki Minaj","east coast hip hop, electronic, hip hop, pop, pop rap, r&b","I Feel Pretty (Roman's Revenge) (alternate version)","Failure","","US","","",""
"Eminem","boom bap, conscious hip hop, hardcore hip hop, hip hop, horrorcore, pop rap","Nicki Minaj","east coast hip hop, electronic, hip hop, pop, pop rap, r&b","Romans Revenge (I Feel Pretty)","Failure","2010","US","","",""
"Eminem","boom bap, conscious hip hop, hardcore hip hop, hip hop, horrorcore, pop rap","Nicki Minaj","east coast hip hop, electronic, hip hop, pop, pop rap, r&b","Majesty","Success","2018","US","","",""
"Nicki Minaj","east coast hip hop, electronic, hip hop, pop, pop rap, r&b","Rihanna","contemporary r&b, dance, dance-pop, dancehall, electro house, electropop","Fly","Success","2010","US","","",""
"Nicki Minaj","east coast hip hop, electronic, hip hop, pop, pop rap, r&b","Rihanna","contemporary r&b, dance, dance-pop, dancehall, electro house, electropop","Raining Men","Success","2010","US","","",""
"Nicki Minaj","east coast hip hop, electronic, hip hop, pop, pop rap, r&b","Rihanna","contemporary r&b, dance, dance-pop, dancehall, electro house, electropop","Saxon","Failure","2010","US","","",""
"Beyoncé","alternative r&b, americana, contemporary r&b, country, dance, dance-pop","Nicki Minaj","east coast hip hop, electronic, hip hop, pop, pop rap, r&b","Flawless Remix","Success","2014","US","","",""
"Beyoncé","alternative r&b, americana, contemporary r&b, country, dance, dance-pop","Nicki Minaj","east coast hip hop, electronic, hip hop, pop, pop rap, r&b","Single Ladies (remix)","Failure","2009","US","","",""
"Beyoncé","alternative r&b, americana, contemporary r&b, country, dance, dance-pop","Nicki Minaj","east coast hip hop, electronic, hip hop, pop, pop rap, r&b","Feeling Myself","Success","2014","US","","",""
"Beyoncé","alternative r&b, americana, contemporary r&b, country, dance, dance-pop","Nicki Minaj","east coast hip hop, electronic, hip hop, pop, pop rap, r&b","Sweet Dream","Failure","2010","US","","",""
"Beyoncé","alternative r&b, americana, contemporary r&b, country, dance, dance-pop","Nicki Minaj","east coast hip hop, electronic, hip hop, pop, pop rap, r&b","Sweet Dreams","Failure","2009","US","","",""
"Calvin Harris","club, dance, dance-pop, edm, electro house, electronic","Nicki Minaj","east coast hip hop, electronic, hip hop, pop, pop rap, r&b","Skrt on Me","Success","2017","US","","",""
"Calvin Harris","club, dance, dance-pop, edm, electro house, electronic","Nicki Minaj","east coast hip hop, electronic, hip hop, pop, pop rap, r&b","Pop Princesses: Wings (The Alias extended mix) / This Is What You Came For / Outside / Bang Bang (Kat Krazy extended mix) / Cool for the Summer (Dave Aude remix) / Focus (Max Sanna & Steve Pitron clean club mix) / I Will Never Let You Down (Steve Smart & WestFunk club mix) / Sax","Failure","2016","US","","",""
"Calvin Harris","club, dance, dance-pop, edm, electro house, electronic","Nicki Minaj","east coast hip hop, electronic, hip hop, pop, pop rap, r&b","Pop Party: 2010–2013: Don’t Stop the Party / Where Them Girls At / Give Me Everything / Won’t Go Quietly / Rock That Body / Sweat / Bounce / Changed the Way You Kiss Me / OMG / Moves Like Jagger / Party Rock Anthem / Yeah 3x","Failure","2014","US","","",""
"David Guetta","dance, dance-pop, electro house, electronic, electropop, festival progressive house","Nicki Minaj","east coast hip hop, electronic, hip hop, pop, pop rap, r&b","Turn Me On","Success","2011","Europe","","",""
"David Guetta","dance, dance-pop, electro house, electronic, electropop, festival progressive house","Nicki Minaj","east coast hip hop, electronic, hip hop, pop, pop rap, r&b","Light Up My Body (2db remix)","Failure","2017","Europe","","",""
"David Guetta","dance, dance-pop, electro house, electronic, electropop, festival progressive house","Nicki Minaj","east coast hip hop, electronic, hip hop, pop, pop rap, r&b","Where Them Girls At","Failure","2011","Europe","","",""
"Avicii","dance-pop, edm, electro house, electronic, electropop, festival progressive house","Nicki Minaj","east coast hip hop, electronic, hip hop, pop, pop rap, r&b","Where Them Levels At (Mastered JRowe Mashup)","Failure","","Europe","","",""
"Bad Bunny","hip hop, latin, reggaeton, trap latino","Nicki Minaj","east coast hip hop, electronic, hip hop, pop, pop rap, r&b","Krippy Kush","Failure","2017","Latin America","","",""
"Bad Bunny","hip hop, latin, reggaeton, trap latino","Nicki Minaj","east coast hip hop, electronic, hip hop, pop, pop rap, r&b","Krispy Kush (remix)","Failure","2017","Latin America","","",""
"Maluma","latin, latin pop, reggaeton, trap latino","Nicki Minaj","east coast hip hop, electronic, hip hop, pop, pop rap, r&b","Tukoh Taka (Official FIFA Fan Festival™ Anthem)","Failure","","Latin America","","",""
"Karol G","schlager","Nicki Minaj","east coast hip hop, electronic, hip hop, pop, pop rap, r&b","Tusa","Success","2019","Europe","","",""
"Luis Fonsi","latin, latin pop, pop","Nicki Minaj","east coast hip hop, electronic, hip hop, pop, pop rap, r&b","Kissing Strangers (remix)","Failure","2017","Latin America","","",""
"BTS","k-pop, pop","Nicki Minaj","east coast hip hop, electronic, hip hop, pop, pop rap, r&b","IDOL","Failure","2018","Asia","","",""
"Ellie Goulding","club, contemporary r&b, dance, dance-pop, dream pop, edm","Nicki Minaj","east coast hip hop, electronic, hip hop, pop, pop rap, r&b","Pop Princesses: Wings (The Alias extended mix) / This Is What You Came For / Outside / Bang Bang (Kat Krazy extended mix) / Cool for the Summer (Dave Aude remix) / Focus (Max Sanna & Steve Pitron clean club mix) / I Will Never Let You Down (Steve Smart & WestFunk club mix) / Sax","Failure","2016","UK","","",""
"Nicki Minaj","east coast hip hop, electronic, hip hop, pop, pop rap, r&b","Rita Ora","contemporary r&b, dance-pop, electropop, pop, pop rock","Pop Princesses: Wings (The Alias extended mix) / This Is What You Came For / Outside / Bang Bang (Kat Krazy extended mix) / Cool for the Summer (Dave Aude remix) / Focus (Max Sanna & Steve Pitron clean club mix) / I Will Never Let You Down (Steve Smart & WestFunk club mix) / Sax","Failure","2016","US","","",""
"Future","hip hop, southern hip hop, trap","Lil Wayne","gangsta rap, hip hop, pop, pop rap, r&b, rap rock","Karate Chop (remix)","Failure","2014","US","","",""
"Future","hip hop, southern hip hop, trap","Lil Wayne","gangsta rap, hip hop, pop, pop rap, r&b, rap rock","After That","Failure","2014","US","","",""
"Future","hip hop, southern hip hop, trap","Lil Wayne","gangsta rap, hip hop, pop, pop rap, r&b, rap rock","Drive Itself","Failure","2018","US","","",""
"Future","hip hop, southern hip hop, trap","Lil Wayne","gangsta rap, hip hop, pop, pop rap, r&b, rap rock","Commas (remix)","Failure","2015","US","","",""
"Future","hip hop, southern hip hop, trap","Lil Wayne","gangsta rap, hip hop, pop, pop rap, r&b, rap rock","Oxy","Failure","2018","US","","",""
"21 Savage","gangsta rap, hip hop, pop rap, southern hip hop, trap","Lil Wayne","gangsta rap, hip hop, pop, pop rap, r&b, rap rock","Big Diamonds","Failure","2023","US","","",""
"Lil Wayne","gangsta rap, hip hop, pop, pop rap, r&b, rap rock","Metro Boomin","hip hop, trap","Annihilate","Success","2023","US","","",""
"Lil Wayne","gangsta rap, hip hop, pop, pop rap, r&b, rap rock","Snoop Dogg","g-funk, gangsta rap, hip hop, west coast hip hop","Dope Niggaz","Success","2018","US","","",""
"Lil Wayne","gangsta rap, hip hop, pop, pop rap, r&b, rap rock","Snoop Dogg","g-funk, gangsta rap, hip hop, west coast hip hop","Hollywood","Failure","2006","US","","",""
"Lil Wayne","gangsta rap, hip hop, pop, pop rap, r&b, rap rock","Snoop Dogg","g-funk, gangsta rap, hip hop, west coast hip hop","Hollywood Divorce","Failure","2006","US","","",""
"Lil Wayne","gangsta rap, hip hop, pop, pop rap, r&b, rap rock","Snoop Dogg","g-funk, gangsta rap, hip hop, west coast hip hop","Dark Eyes","Failure","2024","US","","",""
"Lil Wayne","gangsta rap, hip hop, pop, pop rap, r&b, rap rock","Snoop Dogg","g-funk, gangsta rap, hip hop, west coast hip hop","Mind Right","Failure","2008","US","","",""
"Eminem","boom bap, conscious hip hop, hardcore hip hop, hip hop, horrorcore, pop rap","Lil Wayne","gangsta rap, hip hop, pop, pop rap, r&b, rap rock","Drop the World","Failure","2010","US","","",""
"Eminem","boom bap, conscious hip hop, hardcore hip hop, hip hop, horrorcore, pop rap","Lil Wayne","gangsta rap, hip hop, pop, pop rap, r&b, rap rock","No Love","Failure","2010","US","","",""
"Eminem","boom bap, conscious hip hop, hardcore hip hop, hip hop, horrorcore, pop rap","Lil Wayne","gangsta rap, hip hop, pop, pop rap, r&b, rap rock","Still Remember (Blend)","Failure","2010","US","","",""
"Eminem","boom bap, conscious hip hop, hardcore hip hop, hip hop, horrorcore, pop rap","Lil Wayne","gangsta rap, hip hop, pop, pop rap, r&b, rap rock","Big Man Someday (Blend)","Failure","2010","US","","",""
"Eminem","boom bap, conscious hip hop, hardcore hip hop, hip hop, horrorcore, pop rap","Lil Wayne","gangsta rap, hip hop, pop, pop rap, r&b, rap rock","Not Afraid vs Lollipop","Failure","2010","US","","",""
"Lil Wayne","gangsta rap, hip hop, pop, pop rap, r&b, rap rock","Rihanna","contemporary r&b, dance, dance-pop, dancehall, electro house, electropop","We Run This","Failure","2010","US","","",""
"Lil Wayne","gangsta rap, hip hop, pop, pop rap, r&b, rap rock","Rihanna","contemporary r&b, dance, dance-pop, dancehall, electro house, electropop","Run This Town (Green Lantern mix)","Failure","","US","","",""
"Lil Wayne","gangsta rap, hip hop, pop, pop rap, r&b, rap rock","Rihanna","contemporary r&b, dance, dance-pop, dancehall, electro house, electropop","All of the Light","Failure","2012","US","","",""
"Lil Wayne","gangsta rap, hip hop, pop, pop rap, r&b, rap rock","Rihanna","contemporary r&b, dance, dance-pop, dancehall, electro house, electropop","Youtube Music Is","Failure","","US","","",""
"Beyoncé","alternative r&b, americana, contemporary r&b, country, dance, dance-pop","Lil Wayne","gangsta rap, hip hop, pop, pop rap, r&b, rap rock","Love in This Club, Part II","Failure","2008","US","","",""
"Beyoncé","alternative r&b, americana, contemporary r&b, country, dance, dance-pop","Lil Wayne","gangsta rap, hip hop, pop, pop rap, r&b, rap rock","Love in This Club, Part 2","Success","2008","US","","",""
"Beyoncé","alternative r&b, americana, contemporary r&b, country, dance, dance-pop","Lil Wayne","gangsta rap, hip hop, pop, pop rap, r&b, rap rock","Love in This Club Part II","Failure","2014","US","","",""
"Beyoncé","alternative r&b, americana, contemporary r&b, country, dance, dance-pop","Lil Wayne","gangsta rap, hip hop, pop, pop rap, r&b, rap rock","Love in This Club (remix)","Failure","2008","US","","",""
"Beyoncé","alternative r&b, americana, contemporary r&b, country, dance, dance-pop","Lil Wayne","gangsta rap, hip hop, pop, pop rap, r&b, rap rock","Sweet Dreams","Failure","2009","US","","",""
"Beyoncé","alternative r&b, americana, contemporary r&b, country, dance, dance-pop","Lil Wayne","gangsta rap, hip hop, pop, pop rap, r&b, rap rock","Beautiful Nightmare","Failure","2010","US","","",""
"Beyoncé","alternative r&b, americana, contemporary r&b, country, dance, dance-pop","Lil Wayne","gangsta rap, hip hop, pop, pop rap, r&b, rap rock","Sweet Dream","Failure","2010","US","","",""
"Coldplay","alternative rock, art pop, britpop, dream pop, piano rock, pop","Lil Wayne","gangsta rap, hip hop, pop, pop rap, r&b, rap rock","Viva La Milli (Terry Urban remix)","Failure","2009","UK","","",""
"Coldplay","alternative rock, art pop, britpop, dream pop, piano rock, pop","Lil Wayne","gangsta rap, hip hop, pop, pop rap, r&b, rap rock","Money to Fix","Failure","2010","UK","","",""
"Coldplay","alternative rock, art pop, britpop, dream pop, piano rock, pop","Lil Wayne","gangsta rap, hip hop, pop, pop rap, r&b, rap rock","Forever La Vida","Failure","2010","UK","","",""
"Imagine Dragons","alternative pop, alternative rock, electropop, indie pop, indietronica, pop","Lil Wayne","gangsta rap, hip hop, pop, pop rap, r&b, rap rock","Believer","Failure","2019","US","","",""
"Imagine Dragons","alternative pop, alternative rock, electropop, indie pop, indietronica, pop","Lil Wayne","gangsta rap, hip hop, pop, pop rap, r&b, rap rock","Sucker for Pain","Success","2016","US","","",""
"Fall Out Boy","alternative rock, electropop, emo, emo pop, indie rock, pop","Lil Wayne","gangsta rap, hip hop, pop, pop rap, r&b, rap rock","Arms Race","Failure","2007","US","","",""
"David Guetta","dance, dance-pop, electro house, electronic, electropop, festival progressive house","Lil Wayne","gangsta rap, hip hop, pop, pop rap, r&b, rap rock","Lollipop (remix)","Failure","2011","Europe","","",""
"David Guetta","dance, dance-pop, electro house, electronic, electropop, festival progressive house","Lil Wayne","gangsta rap, hip hop, pop, pop rap, r&b, rap rock","Revolver","Success","2009","Europe","","",""
"David Guetta","dance, dance-pop, electro house, electronic, electropop, festival progressive house","Lil Wayne","gangsta rap, hip hop, pop, pop rap, r&b, rap rock","I Can Only Imagine","Success","2011","Europe","","",""
"David Guetta","dance, dance-pop, electro house, electronic, electropop, festival progressive house","Lil Wayne","gangsta rap, hip hop, pop, pop rap, r&b, rap rock","Light My Body Up (Cedric Gervais remix)","Failure","2017","Europe","","",""
"Lil Wayne","gangsta rap, hip hop, pop, pop rap, r&b, rap rock","Shakira","latin, latin pop, pop, pop rock","Give It Up to Me","Success","2009","US","","",""
"Lil Wayne","gangsta rap, hip hop, pop, pop rap, r&b, rap rock","Ozuna","latin, reggaeton, trap latino","Scared of the Dark (remix)","Failure","2019","US","","",""
"21 Savage","gangsta rap, hip hop, pop rap, southern hip hop, trap","Future","hip hop, southern hip hop, trap","What's Up With That","Failure","2018","US","","",""
"21 Savage","gangsta rap, hip hop, pop rap, southern hip hop, trap","Future","hip hop, southern hip hop, trap","What’s Up With That","Failure","2018","US","","",""
"21 Savage","gangsta rap, hip hop, pop rap, southern hip hop, trap","Future","hip hop, southern hip hop, trap","Number 2","Failure","2021","US","","",""
"21 Savage","gangsta rap, hip hop, pop rap, southern hip hop, trap","Future","hip hop, southern hip hop, trap","X","Failure","2016","US","","",""
"21 Savage","gangsta rap, hip hop, pop rap, southern hip hop, trap","Future","hip hop, southern hip hop, trap","Iced Out My Arms","Failure","2017","US","","",""
"21 Savage","gangsta rap, hip hop, pop rap, southern hip hop, trap","Future","hip hop, southern hip hop, trap","Partying & Drinking","Failure","2025","US","","",""
"Future","hip hop, southern hip hop, trap","Metro Boomin","hip hop, trap","Came to the Party","Failure","","US","","",""
"Future","hip hop, southern hip hop, trap","Metro Boomin","hip hop, trap","Amazing (interlude)","Failure","","US","","",""
"Future","hip hop, southern hip hop, trap","Metro Boomin","hip hop, trap","Ain’t No Love","Failure","","US","","",""
"Future","hip hop, southern hip hop, trap","Metro Boomin","hip hop, trap","Out of My Hands","Failure","","US","","",""
"Future","hip hop, southern hip hop, trap","Metro Boomin","hip hop, trap","Overload","Failure","","US","","",""
"Future","hip hop, southern hip hop, trap","Metro Boomin","hip hop, trap","Streets Made Me a King","Failure","","US","","",""
"Future","hip hop, southern hip hop, trap","Metro Boomin","hip hop, trap","Drink n Dance","Failure","","US","","",""
"Future","hip hop, southern hip hop, trap","Metro Boomin","hip hop, trap","Runnin Outta Time","Failure","","US","","",""
"Future","hip hop, southern hip hop, trap","Metro Boomin","hip hop, trap","GTA","Failure","","US","","",""
"Future","hip hop, southern hip hop, trap","Metro Boomin","hip hop, trap","Claustrophobic","Failure","","US","","",""
"Future","hip hop, southern hip hop, trap","Metro Boomin","hip hop, trap","Nights Like This","Success","2024","US","","",""
"Future","hip hop, southern hip hop, trap","Snoop Dogg","g-funk, gangsta rap, hip hop, west coast hip hop","Homicide","Success","2012","US","","",""
"Future","hip hop, southern hip hop, trap","Rihanna","contemporary r&b, dance, dance-pop, dancehall, electro house, electropop","Love Song","Failure","","US","","",""
"Future","hip hop, southern hip hop, trap","Rihanna","contemporary r&b, dance, dance-pop, dancehall, electro house, electropop","Selfish","Failure","2017","US","","",""
"Future","hip hop, southern hip hop, trap","Rihanna","contemporary r&b, dance, dance-pop, dancehall, electro house, electropop","Loveeeeeee Song","Success","2012","US","","",""
"Future","hip hop, southern hip hop, trap","Rihanna","contemporary r&b, dance, dance-pop, dancehall, electro house, electropop","Loveee Song (Brenmar club edit)","Failure","2017","US","","",""
"Beyoncé","alternative r&b, americana, contemporary r&b, country, dance, dance-pop","Future","hip hop, southern hip hop, trap","Top Off","Failure","2019","US","","",""
"Beyoncé","alternative r&b, americana, contemporary r&b, country, dance, dance-pop","Future","hip hop, southern hip hop, trap","Drunk In Love","Failure","2012","US","","",""
"Future","hip hop, southern hip hop, trap","SZA","alternative r&b, contemporary r&b, electronic, hip hop soul, neo soul, pop","TELEKINESIS","Success","2023","US","","",""
"Future","hip hop, southern hip hop, trap","SZA","alternative r&b, contemporary r&b, electronic, hip hop soul, neo soul, pop","BEAUTIFUL","Failure","2022","US","","",""
"Calvin Harris","club, dance, dance-pop, edm, electro house, electronic","Future","hip hop, southern hip hop, trap","Rollin","Success","2017","US","","",""
"Future","hip hop, southern hip hop, trap","Zedd","bass house, club, complextro, dance, dance-pop, deep house","Turn On the Lights Again... / Bababa / Addicted to a Memory","Failure","2024","US","","",""
"Bad Bunny","hip hop, latin, reggaeton, trap latino","Future","hip hop, southern hip hop, trap","Thinkin","Failure","2018","Latin America","","",""
"Future","hip hop, southern hip hop, trap","J Balvin","hip hop, latin, latin pop, pop, reggaeton","Bum Bum Tam Tam","Success","2017","US","","",""
"Future","hip hop, southern hip hop, trap","Rita Ora","contemporary r&b, dance-pop, electropop, pop, pop rock","Testosterone","Failure","2015","US","","",""
"21 Savage","gangsta rap, hip hop, pop rap, southern hip hop, trap","Metro Boomin","hip hop, trap","No Advance","Failure","2016","US","","",""
"21 Savage","gangsta rap, hip hop, pop rap, southern hip hop, trap","Metro Boomin","hip hop, trap","Slidin","Failure","","US","","",""
"21 Savage","gangsta rap, hip hop, pop rap, southern hip hop, trap","Metro Boomin","hip hop, trap","My Dawg (ChopNotSlop remix)","Failure","2020","US","","",""
"21 Savage","gangsta rap, hip hop, pop rap, southern hip hop, trap","Metro Boomin","hip hop, trap","RIP Luv","Failure","2020","US","","",""
"21 Savage","gangsta rap, hip hop, pop rap, southern hip hop, trap","Metro Boomin","hip hop, trap","Steppin on Niggas","Failure","2020","US","","",""
"21 Savage","gangsta rap, hip hop, pop rap, southern hip hop, trap","Metro Boomin","hip hop, trap","Intro","Failure","","US","","",""
"21 Savage","gangsta rap, hip hop, pop rap, southern hip hop, trap","Metro Boomin","hip hop, trap","Said n Done","Failure","","US","","",""
"21 Savage","gangsta rap, hip hop, pop rap, southern hip hop, trap","Metro Boomin","hip hop, trap","10 Freaky Girls","Failure","2018","US","","",""
"21 Savage","gangsta rap, hip hop, pop rap, southern hip hop, trap","Metro Boomin","hip hop, trap","My Choppa Hate N****s","Failure","2017","US","","",""
"21 Savage","gangsta rap, hip hop, pop rap, southern hip hop, trap","Metro Boomin","hip hop, trap","My Choppa Hate Niggas","Failure","","US","","",""
"21 Savage","gangsta rap, hip hop, pop rap, southern hip hop, trap","SZA","alternative r&b, contemporary r&b, electronic, hip hop soul, neo soul, pop","Vibrate","Failure","2020","US","","",""
"21 Savage","gangsta rap, hip hop, pop rap, southern hip hop, trap","Calvin Harris","club, dance, dance-pop, edm, electro house, electronic","New Money","Failure","2022","US","","",""
"21 Savage","gangsta rap, hip hop, pop rap, southern hip hop, trap","Bad Bunny","hip hop, latin, reggaeton, trap latino","Krippy Kush","Failure","2017","US","","",""
"21 Savage","gangsta rap, hip hop, pop rap, southern hip hop, trap","Bad Bunny","hip hop, latin, reggaeton, trap latino","Krispy Kush (remix)","Failure","2017","US","","",""
"J Balvin","hip hop, latin, latin pop, pop, reggaeton","Metro Boomin","hip hop, trap","Only You","Success","2018","Latin America","","",""
"Eminem","boom bap, conscious hip hop, hardcore hip hop, hip hop, horrorcore, pop rap","Snoop Dogg","g-funk, gangsta rap, hip hop, west coast hip hop","Gangsta & Thugs (DJ Dirty Harry mix)","Failure","2005","US","","",""
"Eminem","boom bap, conscious hip hop, hardcore hip hop, hip hop, horrorcore, pop rap","Snoop Dogg","g-funk, gangsta rap, hip hop, west coast hip hop","From the D 2 the LBC","Success","2022","US","","",""
"Eminem","boom bap, conscious hip hop, hardcore hip hop, hip hop, horrorcore, pop rap","Snoop Dogg","g-funk, gangsta rap, hip hop, west coast hip hop","Nuthin' but a ""G"" Thang (remix)","Failure","","US","","",""
"Eminem","boom bap, conscious hip hop, hardcore hip hop, hip hop, horrorcore, pop rap","Snoop Dogg","g-funk, gangsta rap, hip hop, west coast hip hop","Still Dre (remix)","Failure","2004","US","","",""
"Eminem","boom bap, conscious hip hop, hardcore hip hop, hip hop, horrorcore, pop rap","Snoop Dogg","g-funk, gangsta rap, hip hop, west coast hip hop","I Adore You","Failure","","US","","",""
"Eminem","boom bap, conscious hip hop, hardcore hip hop, hip hop, horrorcore, pop rap","Snoop Dogg","g-funk, gangsta rap, hip hop, west coast hip hop","Live at MTV","Failure","","US","","",""
"Eminem","boom bap, conscious hip hop, hardcore hip hop, hip hop, horrorcore, pop rap","Snoop Dogg","g-funk, gangsta rap, hip hop, west coast hip hop","Bitch Please II","Success","2000","US","","",""
"Calvin Harris","club, dance, dance-pop, edm, electro house, electronic","Snoop Dogg","g-funk, gangsta rap, hip hop, west coast hip hop","Live My Best Life","Failure","2022","US","","",""
"Calvin Harris","club, dance, dance-pop, edm, electro house, electronic","Snoop Dogg","g-funk, gangsta rap, hip hop, west coast hip hop","Holiday","Success","2017","US","","",""
"Calvin Harris","club, dance, dance-pop, edm, electro house, electronic","Snoop Dogg","g-funk, gangsta rap, hip hop, west coast hip hop","Pop Party: 2010–2013: Don’t Stop the Party / Where Them Girls At / Give Me Everything / Won’t Go Quietly / Rock That Body / Sweat / Bounce / Changed the Way You Kiss Me / OMG / Moves Like Jagger / Party Rock Anthem / Yeah 3x","Failure","2014","US","","",""
"David Guetta","dance, dance-pop, electro house, electronic, electropop, festival progressive house","Snoop Dogg","g-funk, gangsta rap, hip hop, west coast hip hop","Sweat (Snoop Dogg vs. David Guetta remix)","Failure","2011","Europe","","",""
"David Guetta","dance, dance-pop, electro house, electronic, electropop, festival progressive house","Snoop Dogg","g-funk, gangsta rap, hip hop, west coast hip hop","Wet (remix)","Failure","2011","Europe","","",""
"Daddy Yankee","hip hop, latin, latin pop, reggae, reggaeton","Snoop Dogg","g-funk, gangsta rap, hip hop, west coast hip hop","Gangsta Zone","Success","2005","Latin America","","",""
"Daddy Yankee","hip hop, latin, latin pop, reggae, reggaeton","Snoop Dogg","g-funk, gangsta rap, hip hop, west coast hip hop","Danger Zone","Failure","2006","Latin America","","",""
"Ozuna","latin, reggaeton, trap latino","Snoop Dogg","g-funk, gangsta rap, hip hop, west coast hip hop","Patek","Failure","2019","Latin America","","",""
"Ozuna","latin, reggaeton, trap latino","Snoop Dogg","g-funk, gangsta rap, hip hop, west coast hip hop","Do It When I’m in It","Failure","2019","Latin America","","",""
"Karol G","schlager","Snoop Dogg","g-funk, gangsta rap, hip hop, west coast hip hop","My Family (from “The Addams Family” original motion picture soundtrack)","Failure","2019","Europe","","",""
"Karol G","schlager","Snoop Dogg","g-funk, gangsta rap, hip hop, west coast hip hop","My Family - from ""The Addams Family""","Failure","2019","Europe","","",""
"BTS","k-pop, pop","Snoop Dogg","g-funk, gangsta rap, hip hop, west coast hip hop","bad decisions","Success","2022","Asia","","",""
"Eminem","boom bap, conscious hip hop, hardcore hip hop, hip hop, horrorcore, pop rap","Rihanna","contemporary r&b, dance, dance-pop, dancehall, electro house, electropop","Love the Way You Lie (Part II)","Success","2010","US","","",""
"Eminem","boom bap, conscious hip hop, hardcore hip hop, hip hop, horrorcore, pop rap","Rihanna","contemporary r&b, dance, dance-pop, dancehall, electro house, electropop","Numb","Success","2012","US","","",""
"Eminem","boom bap, conscious hip hop, hardcore hip hop, hip hop, horrorcore, pop rap","Rihanna","contemporary r&b, dance, dance-pop, dancehall, electro house, electropop","The Monster","Success","2013","US","","",""
"Beyoncé","alternative r&b, americana, contemporary r&b, country, dance, dance-pop","Eminem","boom bap, conscious hip hop, hardcore hip hop, hip hop, horrorcore, pop rap","Walk on Water","Success","2017","US","","",""
"Beyoncé","alternative r&b, americana, contemporary r&b, country, dance, dance-pop","Eminem","boom bap, conscious hip hop, hardcore hip hop, hip hop, horrorcore, pop rap","Shit on You & Crazy in Love & Point of Authority","Failure","2010","US","","",""
"Beyoncé","alternative r&b, americana, contemporary r&b, country, dance, dance-pop","Eminem","boom bap, conscious hip hop, hardcore hip hop, hip hop, horrorcore, pop rap","Pure Urban Love","Failure","2011","US","","",""
"Coldplay","alternative rock, art pop, britpop, dream pop, piano rock, pop","Eminem","boom bap, conscious hip hop, hardcore hip hop, hip hop, horrorcore, pop rap","Forever La Vida","Failure","2010","UK","","",""
"Eminem","boom bap, conscious hip hop, hardcore hip hop, hip hop, horrorcore, pop rap","Linkin Park","alternative metal, alternative rock, metal, nu metal, rap metal, rap rock","I'll Be Gone / Drop the World","Failure","2012","US","","",""
"Eminem","boom bap, conscious hip hop, hardcore hip hop, hip hop, horrorcore, pop rap","Linkin Park","alternative metal, alternative rock, metal, nu metal, rap metal, rap rock","The Catalyst / Cocaine (alternate version)","Failure","2012","US","","",""
"Eminem","boom bap, conscious hip hop, hardcore hip hop, hip hop, horrorcore, pop rap","Linkin Park","alternative metal, alternative rock, metal, nu metal, rap metal, rap rock","Intro / Breaking the Habit / Not Afraid","Failure","2012","US","","",""
"Eminem","boom bap, conscious hip hop, hardcore hip hop, hip hop, horrorcore, pop rap","Linkin Park","alternative metal, alternative rock, metal, nu metal, rap metal, rap rock","Victimized / The Re-Up","Failure","2012","US","","",""
"Eminem","boom bap, conscious hip hop, hardcore hip hop, hip hop, horrorcore, pop rap","Linkin Park","alternative metal, alternative rock, metal, nu metal, rap metal, rap rock","Androids","Failure","2014","US","","",""
"Eminem","boom bap, conscious hip hop, hardcore hip hop, hip hop, horrorcore, pop rap","Linkin Park","alternative metal, alternative rock, metal, nu metal, rap metal, rap rock","Dead Space","Failure","2014","US","","",""
"Eminem","boom bap, conscious hip hop, hardcore hip hop, hip hop, horrorcore, pop rap","Linkin Park","alternative metal, alternative rock, metal, nu metal, rap metal, rap rock","Intervention","Failure","2014","US","","",""
"Eminem","boom bap, conscious hip hop, hardcore hip hop, hip hop, horrorcore, pop rap","Linkin Park","alternative metal, alternative rock, metal, nu metal, rap metal, rap rock","Forgot About Dre & Place for My Head","Failure","2010","US","","",""
"Eminem","boom bap, conscious hip hop, hardcore hip hop, hip hop, horrorcore, pop rap","Linkin Park","alternative metal, alternative rock, metal, nu metal, rap metal, rap rock","Announcement Service Public (skit)","Failure","2010","US","","",""
"Eminem","boom bap, conscious hip hop, hardcore hip hop, hip hop, horrorcore, pop rap","Linkin Park","alternative metal, alternative rock, metal, nu metal, rap metal, rap rock","My Name Is & Hit the Floor","Failure","2010","US","","",""
"Eminem","boom bap, conscious hip hop, hardcore hip hop, hip hop, horrorcore, pop rap","Linkin Park","alternative metal, alternative rock, metal, nu metal, rap metal, rap rock","Hurt Locker","Failure","2014","US","","",""
"Eminem","boom bap, conscious hip hop, hardcore hip hop, hip hop, horrorcore, pop rap","Linkin Park","alternative metal, alternative rock, metal, nu metal, rap metal, rap rock","Any Man & In the End (Fucking Crazy) (Paul)","Failure","2010","US","","",""
"Beyoncé","alternative r&b, americana, contemporary r&b, country, dance, dance-pop","Rihanna","contemporary r&b, dance, dance-pop, dancehall, electro house, electropop","Ring The Alarm (Remix)","Failure","2009","US","","",""
"Beyoncé","alternative r&b, americana, contemporary r&b, country, dance, dance-pop","Rihanna","contemporary r&b, dance, dance-pop, dancehall, electro house, electropop","Stand Up for Cancer","Failure","","US","","",""
"Beyoncé","alternative r&b, americana, contemporary r&b, country, dance, dance-pop","Rihanna","contemporary r&b, dance, dance-pop, dancehall, electro house, electropop","Youtube Music Is","Failure","","US","","",""
"Beyoncé","alternative r&b, americana, contemporary r&b, country, dance, dance-pop","Rihanna","contemporary r&b, dance, dance-pop, dancehall, electro house, electropop","Pure Urban Love","Failure","2011","US","","",""
"Rihanna","contemporary r&b, dance, dance-pop, dancehall, electro house, electropop","SZA","alternative r&b, contemporary r&b, electronic, hip hop soul, neo soul, pop","Consideration","Success","2016","US","","",""
"Coldplay","alternative rock, art pop, britpop, dream pop, piano rock, pop","Rihanna","contemporary r&b, dance, dance-pop, dancehall, electro house, electropop","Princess of China (radio edit)","Success","2012","UK","","",""
"Calvin Harris","club, dance, dance-pop, edm, electro house, electronic","Rihanna","contemporary r&b, dance, dance-pop, dancehall, electro house, electropop","We Found Love (Cahill edit)","Failure","2011","US","","",""
"Calvin Harris","club, dance, dance-pop, edm, electro house, electronic","Rihanna","contemporary r&b, dance, dance-pop, dancehall, electro house, electropop","This Is What You Came For","Success","2016","US","","",""
"David Guetta","dance, dance-pop, electro house, electronic, electropop, festival progressive house","Rihanna","contemporary r&b, dance, dance-pop, dancehall, electro house, electropop","Who’s That Chick?","Success","2010","Europe","","",""
"David Guetta","dance, dance-pop, electro house, electronic, electropop, festival progressive house","Rihanna","contemporary r&b, dance, dance-pop, dancehall, electro house, electropop","Who's That Chick","Failure","2012","Europe","","",""
"David Guetta","dance, dance-pop, electro house, electronic, electropop, festival progressive house","Rihanna","contemporary r&b, dance, dance-pop, dancehall, electro house, electropop","Right Now (Ralphi Rosario mix)","Failure","2013","Europe","","",""
"Rihanna","contemporary r&b, dance, dance-pop, dancehall, electro house, electropop","Zedd","bass house, club, complextro, dance, dance-pop, deep house","Where’s Spectrum","Failure","","US","","",""
"Avicii","dance-pop, edm, electro house, electronic, electropop, festival progressive house","Rihanna","contemporary r&b, dance, dance-pop, dancehall, electro house, electropop","Hangover (Electro remix)","Failure","","Europe","","",""
"Rihanna","contemporary r&b, dance, dance-pop, dancehall, electro house, electropop","Shakira","latin, latin pop, pop, pop rock","Can't Remember to Forget Me","Failure","","US","","",""
"Rihanna","contemporary r&b, dance, dance-pop, dancehall, electro house, electropop","Shakira","latin, latin pop, pop, pop rock","Can’t Remember to Forget You","Success","2014","US","","",""
"Ellie Goulding","club, contemporary r&b, dance, dance-pop, dream pop, edm","Rihanna","contemporary r&b, dance, dance-pop, dancehall, electro house, electropop","Pop Princesses: Wings (The Alias extended mix) / This Is What You Came For / Outside / Bang Bang (Kat Krazy extended mix) / Cool for the Summer (Dave Aude remix) / Focus (Max Sanna & Steve Pitron clean club mix) / I Will Never Let You Down (Steve Smart & WestFunk club mix) / Sax","Failure","2016","UK","","",""
"Rihanna","contemporary r&b, dance, dance-pop, dancehall, electro house, electropop","Rita Ora","contemporary r&b, dance-pop, electropop, pop, pop rock","Pop Princesses: Wings (The Alias extended mix) / This Is What You Came For / Outside / Bang Bang (Kat Krazy extended mix) / Cool for the Summer (Dave Aude remix) / Focus (Max Sanna & Steve Pitron clean club mix) / I Will Never Let You Down (Steve Smart & WestFunk club mix) / Sax","Failure","2016","US","","",""
"Beyoncé","alternative r&b, americana, contemporary r&b, country, dance, dance-pop","Frank Ocean","alternative r&b, contemporary r&b, pop, r&b","Superpower","Success","2013","US","","",""
"Beyoncé","alternative r&b, americana, contemporary r&b, country, dance, dance-pop","Coldplay","alternative rock, art pop, britpop, dream pop, piano rock, pop","Hymn for the Weekend","Failure","2016","US","","",""
"Beyoncé","alternative r&b, americana, contemporary r&b, country, dance, dance-pop","Coldplay","alternative rock, art pop, britpop, dream pop, piano rock, pop","Hymn for the Week End (SeeB remix)","Failure","2016","US","","",""
"Beyoncé","alternative r&b, americana, contemporary r&b, country, dance, dance-pop","Linkin Park","alternative metal, alternative rock, metal, nu metal, rap metal, rap rock","Shit on You & Crazy in Love & Point of Authority","Failure","2010","US","","",""
"Beyoncé","alternative r&b, americana, contemporary r&b, country, dance, dance-pop","David Guetta","dance, dance-pop, electro house, electronic, electropop, festival progressive house","Essential R’n’b: I’m Into You / The Lazy Song / I Need a Dollar / Just Cant Get Enough / Run the World (Girls) / Hush Hush / Where Them Girls At / Give Me Everything","Failure","2011","US","","",""
"Beyoncé","alternative r&b, americana, contemporary r&b, country, dance, dance-pop","Martin Garrix","big room house, dance-pop, edm, electro house, festival progressive house, tropical house","Drunk Animals","Failure","","US","","",""
"Beyoncé","alternative r&b, americana, contemporary r&b, country, dance, dance-pop","J Balvin","hip hop, latin, latin pop, pop, reggaeton","Mi gente","Success","2019","US","","",""
"Beyoncé","alternative r&b, americana, contemporary r&b, country, dance, dance-pop","Shakira","latin, latin pop, pop, pop rock","Beautiful Liar (remix)","Success","2007","US","","",""
"Calvin Harris","club, dance, dance-pop, edm, electro house, electronic","SZA","alternative r&b, contemporary r&b, electronic, hip hop soul, neo soul, pop","The Weekend (Funk Wav remix)","Success","2017","US","","",""
"Coldplay","alternative rock, art pop, britpop, dream pop, piano rock, pop","H.E.R.","alternative r&b, r&b, trap","Let Somebody Go (Live at River Plate)","Failure","2024","UK","","",""
"Calvin Harris","club, dance, dance-pop, edm, electro house, electronic","Frank Ocean","alternative r&b, contemporary r&b, pop, r&b","Slide","Success","2017","US","","",""
"Diplo","edm, electronic, electronica, festival trap, future bass, hip hop","Frank Ocean","alternative r&b, contemporary r&b, pop, r&b","Hero","Success","2013","US","","",""
"Calvin Harris","club, dance, dance-pop, edm, electro house, electronic","Coldplay","alternative rock, art pop, britpop, dream pop, piano rock, pop","We Found House (3LAU progressive bootleg)","Failure","","UK","","",""
"Coldplay","alternative rock, art pop, britpop, dream pop, piano rock, pop","The Chainsmokers","dance-pop, edm, electro house, electronic, electropop, future bass","Something Just Like This","Failure","2017","UK","","",""
"Coldplay","alternative rock, art pop, britpop, dream pop, piano rock, pop","Kygo","dance, deep house, downtempo, edm, electronica, house","Midnight (Kygo Remix)","Failure","","UK","","",""
"Avicii","dance-pop, edm, electro house, electronic, electropop, festival progressive house","Coldplay","alternative rock, art pop, britpop, dream pop, piano rock, pop","Something Just Like Levels (Rudeejay & Da Brozz Mashup)","Failure","","Europe","","",""
"BTS","k-pop, pop","Coldplay","alternative rock, art pop, britpop, dream pop, piano rock, pop","My Universe","Success","2021","Asia","","",""
"Imagine Dragons","alternative pop, alternative rock, electropop, indie pop, indietronica, pop","Kygo","dance, deep house, downtempo, edm, electronica, house","Born to Be Yours","Success","2018","US","","",""
"Imagine Dragons","alternative pop, alternative rock, electropop, indie pop, indietronica, pop","Kygo","dance, deep house, downtempo, edm, electronica, house","Stars Will Align","Failure","","US","","",""
"Avicii","dance-pop, edm, electro house, electronic, electropop, festival progressive house","Imagine Dragons","alternative pop, alternative rock, electropop, indie pop, indietronica, pop","Heart Upon My Sleeve","Success","2019","Europe","","",""
"Imagine Dragons","alternative pop, alternative rock, electropop, indie pop, indietronica, pop","J Balvin","hip hop, latin, latin pop, pop, reggaeton","Eyes Closed","Success","2024","US","","",""
"Imagine Dragons","alternative pop, alternative rock, electropop, indie pop, indietronica, pop","Kacey Musgraves","alternative country, americana, contemporary country, country, country pop, easy listening","Hands","Failure","2016","US","","",""
"Skrillex","brostep, complextro, drumstep, dubstep, edm, electro house","Twenty One Pilots","alternative hip hop, alternative pop, alternative rock, electropop, hip hop, indie pop","Heathen Thieves Love Lamborghini's","Failure","","US","","",""
"Martin Garrix","big room house, dance-pop, edm, electro house, festival progressive house, tropical house","Twenty One Pilots","alternative hip hop, alternative pop, alternative rock, electropop, hip hop, indie pop","Heathen Thieves Love Lamborghini's","Failure","","Europe","","",""
"Linkin Park","alternative metal, alternative rock, metal, nu metal, rap metal, rap rock","Zedd","bass house, club, complextro, dance, dance-pop, deep house","Crawling","Failure","2017","US","","",""
"Calvin Harris","club, dance, dance-pop, edm, electro house, electronic","David Guetta","dance, dance-pop, electro house, electronic, electropop, festival progressive house","Faded Into US","Failure","2025","Europe","","",""
"Calvin Harris","club, dance, dance-pop, edm, electro house, electronic","David Guetta","dance, dance-pop, electro house, electronic, electropop, festival progressive house","Promises (Steven Montanta Mashup)","Failure","","Europe","","",""
"Calvin Harris","club, dance, dance-pop, edm, electro house, electronic","David Guetta","dance, dance-pop, electro house, electronic, electropop, festival progressive house","Pop Party: 2010–2013: Don’t Stop the Party / Where Them Girls At / Give Me Everything / Won’t Go Quietly / Rock That Body / Sweat / Bounce / Changed the Way You Kiss Me / OMG / Moves Like Jagger / Party Rock Anthem / Yeah 3x","Failure","2014","Europe","","",""
"Calvin Harris","club, dance, dance-pop, edm, electro house, electronic","Zedd","bass house, club, complextro, dance, dance-pop, deep house","Summer Shotgun Alive (DJs From Mars Radiocut Bootleg)","Failure","2014","Europe","","",""
"Avicii","dance-pop, edm, electro house, electronic, electropop, festival progressive house","Calvin Harris","club, dance, dance-pop, edm, electro house, electronic","Sweet Superlove Nothing (Bootleg)","Failure","","Europe","","",""
"Avicii","dance-pop, edm, electro house, electronic, electropop, festival progressive house","Calvin Harris","club, dance, dance-pop, edm, electro house, electronic","Time 2 Burn: Be Right There (Flava D remix) / Hype / Give Me Your Love / Put Your Hands Up for Detroit / The Creeps (Get on the Dancefloor) / Right Here, Right Now (Redanka remix) / Changed the Way You Kiss Me / Levels","Failure","2016","Europe","","",""
"Calvin Harris","club, dance, dance-pop, edm, electro house, electronic","Diplo","edm, electronic, electronica, festival trap, future bass, hip hop","Time 2 Burn: Be Right There (Flava D remix) / Hype / Give Me Your Love / Put Your Hands Up for Detroit / The Creeps (Get on the Dancefloor) / Right Here, Right Now (Redanka remix) / Changed the Way You Kiss Me / Levels","Failure","2016","US","","",""
"Calvin Harris","club, dance, dance-pop, edm, electro house, electronic","Sam Smith","acoustic rock, folk rock, indie folk, indie pop, indie rock, singer-songwriter","Desire (Alok remix)","Failure","","US","","",""
"Calvin Harris","club, dance, dance-pop, edm, electro house, electronic","Sam Smith","acoustic rock, folk rock, indie folk, indie pop, indie rock, singer-songwriter","Promises (David Guetta remix)","Failure","2018","US","","",""
"Calvin Harris","club, dance, dance-pop, edm, electro house, electronic","Ellie Goulding","club, contemporary r&b, dance, dance-pop, dream pop, edm","Free (Effy remix)","Failure","","UK","","",""
"Calvin Harris","club, dance, dance-pop, edm, electro house, electronic","Ellie Goulding","club, contemporary r&b, dance, dance-pop, dream pop, edm","Outside","Failure","2015","UK","","",""
"Calvin Harris","club, dance, dance-pop, edm, electro house, electronic","Ellie Goulding","club, contemporary r&b, dance, dance-pop, dream pop, edm","I Need Your Love","Failure","2013","UK","","",""
"Calvin Harris","club, dance, dance-pop, edm, electro house, electronic","Rita Ora","contemporary r&b, dance-pop, electropop, pop, pop rock","Pop Princesses: Wings (The Alias extended mix) / This Is What You Came For / Outside / Bang Bang (Kat Krazy extended mix) / Cool for the Summer (Dave Aude remix) / Focus (Max Sanna & Steve Pitron clean club mix) / I Will Never Let You Down (Steve Smart & WestFunk club mix) / Sax","Failure","2016","UK","","",""
"Avicii","dance-pop, edm, electro house, electronic, electropop, festival progressive house","David Guetta","dance, dance-pop, electro house, electronic, electropop, festival progressive house","Sunshine","Success","2011","Europe","","",""
"Avicii","dance-pop, edm, electro house, electronic, electropop, festival progressive house","David Guetta","dance, dance-pop, electro house, electronic, electropop, festival progressive house","Sunshine / Spectrum","Failure","","Europe","","",""
"Avicii","dance-pop, edm, electro house, electronic, electropop, festival progressive house","David Guetta","dance, dance-pop, electro house, electronic, electropop, festival progressive house","Hangover (Electro remix)","Failure","","Europe","","",""
"David Guetta","dance, dance-pop, electro house, electronic, electropop, festival progressive house","Martin Garrix","big room house, dance-pop, edm, electro house, festival progressive house, tropical house","So Far Away","Failure","2018","Europe","","",""
"David Guetta","dance, dance-pop, electro house, electronic, electropop, festival progressive house","Martin Garrix","big room house, dance-pop, edm, electro house, festival progressive house, tropical house","Like I Do","Success","2018","Europe","","",""
"David Guetta","dance, dance-pop, electro house, electronic, electropop, festival progressive house","Martin Garrix","big room house, dance-pop, edm, electro house, festival progressive house, tropical house","Ocean (David Guetta remix)","Failure","","Europe","","",""
"David Guetta","dance, dance-pop, electro house, electronic, electropop, festival progressive house","Martin Garrix","big room house, dance-pop, edm, electro house, festival progressive house, tropical house","Our Time","Failure","2025","Europe","","",""
"Bad Bunny","hip hop, latin, reggaeton, trap latino","David Guetta","dance, dance-pop, electro house, electronic, electropop, festival progressive house","I Like It (Steven Montana edit)","Failure","","Latin America","","",""
"David Guetta","dance, dance-pop, electro house, electronic, electropop, festival progressive house","J Balvin","hip hop, latin, latin pop, pop, reggaeton","Para que te quedes","Success","2018","Europe","","",""
"David Guetta","dance, dance-pop, electro house, electronic, electropop, festival progressive house","J Balvin","hip hop, latin, latin pop, pop, reggaeton","Say My Name","Success","2018","Europe","","",""
"David Guetta","dance, dance-pop, electro house, electronic, electropop, festival progressive house","Shakira","latin, latin pop, pop, pop rock","DON'T YOU WORRY (Malaa remix)","Failure","2022","Europe","","",""
"David Guetta","dance, dance-pop, electro house, electronic, electropop, festival progressive house","Shakira","latin, latin pop, pop, pop rock","DON’T YOU WORRY","Success","2022","Europe","","",""
"Daddy Yankee","hip hop, latin, latin pop, reggae, reggaeton","David Guetta","dance, dance-pop, electro house, electronic, electropop, festival progressive house","Instagram","Success","2019","Latin America","","",""
"David Guetta","dance, dance-pop, electro house, electronic, electropop, festival progressive house","Ozuna","latin, reggaeton, trap latino","Vocation","Failure","2023","Europe","","",""
"David Guetta","dance, dance-pop, electro house, electronic, electropop, festival progressive house","Nicky Jam","alternative rock, classic rock, experimental rock, funk rock, grunge, hard rock","Cuentale","Failure","","Europe","","",""
"David Guetta","dance, dance-pop, electro house, electronic, electropop, festival progressive house","Sam Smith","acoustic rock, folk rock, indie folk, indie pop, indie rock, singer-songwriter","Promises (Steven Montanta Mashup)","Failure","","Europe","","",""
"David Guetta","dance, dance-pop, electro house, electronic, electropop, festival progressive house","Rita Ora","contemporary r&b, dance-pop, electropop, pop, pop rock","Big","Success","2021","Europe","","",""
"David Guetta","dance, dance-pop, electro house, electronic, electropop, festival progressive house","Rita Ora","contemporary r&b, dance-pop, electropop, pop, pop rock","Big (C‐Lecta Ski no rap edit) Radio)","Failure","2021","Europe","","",""
"David Guetta","dance, dance-pop, electro house, electronic, electropop, festival progressive house","Rita Ora","contemporary r&b, dance-pop, electropop, pop, pop rock","Big (C‐Lecta Ski no rap edit) Club)","Failure","2021","Europe","","",""
"Kygo","dance, deep house, downtempo, edm, electronica, house","The Chainsmokers","dance-pop, edm, electro house, electronic, electropop, future bass","Family","Success","2019","Europe","","",""
"Kygo","dance, deep house, downtempo, edm, electronica, house","The Chainsmokers","dance-pop, edm, electro house, electronic, electropop, future bass","Eyes","Failure","","Europe","","",""
"Avicii","dance-pop, edm, electro house, electronic, electropop, festival progressive house","The Chainsmokers","dance-pop, edm, electro house, electronic, electropop, future bass","Something Just Like Levels (Rudeejay & Da Brozz Mashup)","Failure","","Europe","","",""
"Maluma","latin, latin pop, reggaeton, trap latino","The Chainsmokers","dance-pop, edm, electro house, electronic, electropop, future bass","Celular","Failure","2023","Latin America","","",""
"Nicky Jam","alternative rock, classic rock, experimental rock, funk rock, grunge, hard rock","The Chainsmokers","dance-pop, edm, electro house, electronic, electropop, future bass","Celular","Failure","2023","US","","",""
"Marshmello","edm, future bass, hip hop, progressive house, trap edm","Nicky Jam","alternative rock, classic rock, experimental rock, funk rock, grunge, hard rock","Say Woah!","Failure","2023","US","","",""
"Ellie Goulding","club, contemporary r&b, dance, dance-pop, dream pop, edm","Marshmello","edm, future bass, hip hop, progressive house, trap edm","Save My Love","Failure","2025","UK","","",""
"Ellie Goulding","club, contemporary r&b, dance, dance-pop, dream pop, edm","Marshmello","edm, future bass, hip hop, progressive house, trap edm","Save My Love - Kaidro Remix","Failure","2025","UK","","",""
"Ellie Goulding","club, contemporary r&b, dance, dance-pop, dream pop, edm","Marshmello","edm, future bass, hip hop, progressive house, trap edm","Save My Love - Nicky Romero Remix","Failure","2025","UK","","",""
"Avicii","dance-pop, edm, electro house, electronic, electropop, festival progressive house","Zedd","bass house, club, complextro, dance, dance-pop, deep house","I Could Be the Clarity","Failure","","Europe","","",""
"Skrillex","brostep, complextro, drumstep, dubstep, edm, electro house","Zedd","bass house, club, complextro, dance, dance-pop, deep house","Don't Slam the Cinema","Failure","","US","","",""
"Martin Garrix","big room house, dance-pop, edm, electro house, festival progressive house, tropical house","Zedd","bass house, club, complextro, dance, dance-pop, deep house","Follow","Failure","2022","Europe","","",""
"Maren Morris","contemporary country, country, country pop, folk rock","Zedd","bass house, club, complextro, dance, dance-pop, deep house","The Middle (Marc Benjamin remix)","Failure","2018","US","","",""
"Maren Morris","contemporary country, country, country pop, folk rock","Zedd","bass house, club, complextro, dance, dance-pop, deep house","Make You Say (ellis extended remix)","Failure","2023","US","","",""
"Ellie Goulding","club, contemporary r&b, dance, dance-pop, dream pop, edm","Zedd","bass house, club, complextro, dance, dance-pop, deep house","Fall Into the Sky","Success","2012","UK","","",""
"Ellie Goulding","club, contemporary r&b, dance, dance-pop, dream pop, edm","Zedd","bass house, club, complextro, dance, dance-pop, deep house","Summer Hit Mix 2017 (continuous mix 2)","Failure","2017","UK","","",""
"Avicii","dance-pop, edm, electro house, electronic, electropop, festival progressive house","Kygo","dance, deep house, downtempo, edm, electronica, house","Forever Yours (Avicii tribute)","Success","2020","Europe","","",""
"Ellie Goulding","club, contemporary r&b, dance, dance-pop, dream pop, edm","Kygo","dance, deep house, downtempo, edm, electronica, house","First Time","Success","2017","UK","","",""
"Ellie Goulding","club, contemporary r&b, dance, dance-pop, dream pop, edm","Kygo","dance, deep house, downtempo, edm, electronica, house","Sign of the Times","Failure","2017","UK","","",""
"Kygo","dance, deep house, downtempo, edm, electronica, house","Rita Ora","contemporary r&b, dance-pop, electropop, pop, pop rock","Carry On","Failure","2019","Europe","","",""
"Avicii","dance-pop, edm, electro house, electronic, electropop, festival progressive house","Diplo","edm, electronic, electronica, festival trap, future bass, hip hop","Time 2 Burn: Be Right There (Flava D remix) / Hype / Give Me Your Love / Put Your Hands Up for Detroit / The Creeps (Get on the Dancefloor) / Right Here, Right Now (Redanka remix) / Changed the Way You Kiss Me / Levels","Failure","2016","Europe","","",""
"Avicii","dance-pop, edm, electro house, electronic, electropop, festival progressive house","Martin Garrix","big room house, dance-pop, edm, electro house, festival progressive house, tropical house","Waiting For Love","Failure","2015","Europe","","",""
"Avicii","dance-pop, edm, electro house, electronic, electropop, festival progressive house","Rita Ora","contemporary r&b, dance-pop, electropop, pop, pop rock","Lonely Together","Success","2017","Europe","","",""
"Diplo","edm, electronic, electronica, festival trap, future bass, hip hop","Skrillex","brostep, complextro, drumstep, dubstep, edm, electro house","Amplifire","Failure","","US","","",""
"Diplo","edm, electronic, electronica, festival trap, future bass, hip hop","Skrillex","brostep, complextro, drumstep, dubstep, edm, electro house","Mind (Ekali & Gravez Remix)","Failure","2016","US","","",""
"Diplo","edm, electronic, electronica, festival trap, future bass, hip hop","Skrillex","brostep, complextro, drumstep, dubstep, edm, electro house","To Ü (Clean Bandit remix)","Failure","2015","US","","",""
"Diplo","edm, electronic, electronica, festival trap, future bass, hip hop","Skrillex","brostep, complextro, drumstep, dubstep, edm, electro house","Take You There (Riff Raff remix)","Failure","2014","US","","",""
"Diplo","edm, electronic, electronica, festival trap, future bass, hip hop","Skrillex","brostep, complextro, drumstep, dubstep, edm, electro house","Where Are Ü Now (Ember Island remix)","Failure","2016","US","","",""
"Bad Bunny","hip hop, latin, reggaeton, trap latino","Diplo","edm, electronic, electronica, festival trap, future bass, hip hop","200 MPH","Failure","2018","Latin America","","",""
"Diplo","edm, electronic, electronica, festival trap, future bass, hip hop","Maren Morris","contemporary country, country, country pop, folk rock","42","Failure","2023","US","","",""
"Diplo","edm, electronic, electronica, festival trap, future bass, hip hop","Ellie Goulding","club, contemporary r&b, dance, dance-pop, dream pop, edm","Close to Me","Success","2018","US","","",""
"Martin Garrix","big room house, dance-pop, edm, electro house, festival progressive house, tropical house","Skrillex","brostep, complextro, drumstep, dubstep, edm, electro house","Tremor (Maddix remix) / Fine Day Anthem / Show Me Love","Failure","","Europe","","",""
"Martin Garrix","big room house, dance-pop, edm, electro house, festival progressive house, tropical house","Skrillex","brostep, complextro, drumstep, dubstep, edm, electro house","Heathen Thieves Love Lamborghini's","Failure","","Europe","","",""
"J Balvin","hip hop, latin, latin pop, pop, reggaeton","Skrillex","brostep, complextro, drumstep, dubstep, edm, electro house","In da Getto (Henry Fong remix)","Success","2021","Latin America","","",""
"Ellie Goulding","club, contemporary r&b, dance, dance-pop, dream pop, edm","Skrillex","brostep, complextro, drumstep, dubstep, edm, electro house","Summit","Success","2011","UK","","",""
"Ellie Goulding","club, contemporary r&b, dance, dance-pop, dream pop, edm","Skrillex","brostep, complextro, drumstep, dubstep, edm, electro house","Summit vs. Black Angus","Failure","2012","UK","","",""
"Bad Bunny","hip hop, latin, reggaeton, trap latino","J Balvin","hip hop, latin, latin pop, pop, reggaeton","Si tu novio te deja sola","Failure","2017","Latin America","","",""
"Bad Bunny","hip hop, latin, reggaeton, trap latino","J Balvin","hip hop, latin, latin pop, pop, reggaeton","MOJAITA","Success","2019","Latin America","","",""
"Bad Bunny","hip hop, latin, reggaeton, trap latino","J Balvin","hip hop, latin, latin pop, pop, reggaeton","LA CANCIÓN","Success","2019","Latin America","","",""
"Bad Bunny","hip hop, latin, reggaeton, trap latino","J Balvin","hip hop, latin, latin pop, pop, reggaeton","CUIDAO POR AHÍ","Failure","2019","Latin America","","",""
"Bad Bunny","hip hop, latin, reggaeton, trap latino","J Balvin","hip hop, latin, latin pop, pop, reggaeton","ODIO","Failure","2019","Latin America","","",""
"Bad Bunny","hip hop, latin, reggaeton, trap latino","J Balvin","hip hop, latin, latin pop, pop, reggaeton","QUÉ PRETENDES","Success","2019","Latin America","","",""
"Bad Bunny","hip hop, latin, reggaeton, trap latino","J Balvin","hip hop, latin, latin pop, pop, reggaeton","YO LE LLEGO","Failure","2019","Latin America","","",""
"Bad Bunny","hip hop, latin, reggaeton, trap latino","J Balvin","hip hop, latin, latin pop, pop, reggaeton","I Like It","Success","2018","Latin America","","",""
"Bad Bunny","hip hop, latin, reggaeton, trap latino","Daddy Yankee","hip hop, latin, latin pop, reggae, reggaeton","La Santa Vs Aqui Esta Tu Caldo - DJ Santarosa Wordplay Transition","Failure","","Latin America","","",""
"Bad Bunny","hip hop, latin, reggaeton, trap latino","Daddy Yankee","hip hop, latin, latin pop, reggae, reggaeton","Vuelve","Success","2017","Latin America","","",""
"Bad Bunny","hip hop, latin, reggaeton, trap latino","Daddy Yankee","hip hop, latin, latin pop, reggae, reggaeton","La santa","Failure","2020","Latin America","","",""
"Bad Bunny","hip hop, latin, reggaeton, trap latino","Daddy Yankee","hip hop, latin, latin pop, reggae, reggaeton","Tú no metes cabra (remix)","Failure","2017","Latin America","","",""
"Bad Bunny","hip hop, latin, reggaeton, trap latino","Daddy Yankee","hip hop, latin, latin pop, reggae, reggaeton","X ÚLTIMA VEZ","Failure","2022","Latin America","","",""
"Bad Bunny","hip hop, latin, reggaeton, trap latino","Daddy Yankee","hip hop, latin, latin pop, reggae, reggaeton","Soltera (remix)","Failure","2019","Latin America","","",""
"Bad Bunny","hip hop, latin, reggaeton, trap latino","Daddy Yankee","hip hop, latin, latin pop, reggae, reggaeton","Como soy","Failure","2018","Latin America","","",""
"Bad Bunny","hip hop, latin, reggaeton, trap latino","Daddy Yankee","hip hop, latin, latin pop, reggae, reggaeton","Dura (remix)","Failure","2018","Latin America","","",""
"Bad Bunny","hip hop, latin, reggaeton, trap latino","Daddy Yankee","hip hop, latin, latin pop, reggae, reggaeton","El combo me llamas 2","Failure","2018","Latin America","","",""
"Bad Bunny","hip hop, latin, reggaeton, trap latino","Ozuna","latin, reggaeton, trap latino","Soy peor (remix)","Failure","2017","Latin America","","",""
"Bad Bunny","hip hop, latin, reggaeton, trap latino","Ozuna","latin, reggaeton, trap latino","Solita","Failure","2018","Latin America","","",""
"Bad Bunny","hip hop, latin, reggaeton, trap latino","Ozuna","latin, reggaeton, trap latino","El amante (remix)","Failure","2017","Latin America","","",""
"Bad Bunny","hip hop, latin, reggaeton, trap latino","Ozuna","latin, reggaeton, trap latino","Diles","Failure","2016","Latin America","","",""
"Bad Bunny","hip hop, latin, reggaeton, trap latino","Ozuna","latin, reggaeton, trap latino","Te boté (remix)","Failure","2018","Latin America","","",""
"Bad Bunny","hip hop, latin, reggaeton, trap latino","Ozuna","latin, reggaeton, trap latino","Escápate conmigo (remix)","Failure","2017","Latin America","","",""
"Bad Bunny","hip hop, latin, reggaeton, trap latino","Ozuna","latin, reggaeton, trap latino","Andan por ahí","Failure","2017","Latin America","","",""
"Bad Bunny","hip hop, latin, reggaeton, trap latino","Maluma","latin, latin pop, reggaeton, trap latino","1 polvo","Failure","2016","Latin America","","",""
"Bad Bunny","hip hop, latin, reggaeton, trap latino","Karol G","schlager","Ahora me llama","Success","2017","Latin America","","",""
"Bad Bunny","hip hop, latin, reggaeton, trap latino","Nicky Jam","alternative rock, classic rock, experimental rock, funk rock, grunge, hard rock","BAD CON NICKY","Failure","2020","Latin America","","",""
"Bad Bunny","hip hop, latin, reggaeton, trap latino","Nicky Jam","alternative rock, classic rock, experimental rock, funk rock, grunge, hard rock","Satisfacción","Failure","2018","Latin America","","",""
"Bad Bunny","hip hop, latin, reggaeton, trap latino","Nicky Jam","alternative rock, classic rock, experimental rock, funk rock, grunge, hard rock","El amante (remix)","Failure","2017","Latin America","","",""
"Bad Bunny","hip hop, latin, reggaeton, trap latino","Nicky Jam","alternative rock, classic rock, experimental rock, funk rock, grunge, hard rock","Te boté (remix)","Failure","2018","Latin America","","",""
"Bad Bunny","hip hop, latin, reggaeton, trap latino","Nicky Jam","alternative rock, classic rock, experimental rock, funk rock, grunge, hard rock","Si tú lo dejas","Failure","2017","Latin America","","",""
"Bad Bunny","hip hop, latin, reggaeton, trap latino","Nicky Jam","alternative rock, classic rock, experimental rock, funk rock, grunge, hard rock","Andan por ahí","Failure","2017","Latin America","","",""
"J Balvin","hip hop, latin, latin pop, pop, reggaeton","Shakira","latin, latin pop, pop, pop rock","Tutu (remix)","Failure","2019","Latin America","","",""
"Daddy Yankee","hip hop, latin, latin pop, reggae, reggaeton","J Balvin","hip hop, latin, latin pop, pop, reggaeton","Sal y perrea (remix)","Failure","2021","Latin America","","",""
"Daddy Yankee","hip hop, latin, latin pop, reggae, reggaeton","J Balvin","hip hop, latin, latin pop, pop, reggaeton","Pierde los modales","Success","2016","Latin America","","",""
"Daddy Yankee","hip hop, latin, latin pop, reggae, reggaeton","J Balvin","hip hop, latin, latin pop, pop, reggaeton","Relación (remix)","Failure","2020","Latin America","","",""
"Daddy Yankee","hip hop, latin, latin pop, reggae, reggaeton","J Balvin","hip hop, latin, latin pop, pop, reggaeton","Baila baila baila (remix)","Failure","2019","Latin America","","",""
"Daddy Yankee","hip hop, latin, latin pop, reggae, reggaeton","J Balvin","hip hop, latin, latin pop, pop, reggaeton","China","Failure","2019","Latin America","","",""
"Daddy Yankee","hip hop, latin, latin pop, reggae, reggaeton","J Balvin","hip hop, latin, latin pop, pop, reggaeton","TATA (remix)","Failure","2021","Latin America","","",""
"Daddy Yankee","hip hop, latin, latin pop, reggae, reggaeton","J Balvin","hip hop, latin, latin pop, pop, reggaeton","Ginza (remix)","Failure","2015","Latin America","","",""
"J Balvin","hip hop, latin, latin pop, pop, reggaeton","Ozuna","latin, reggaeton, trap latino","Quiero repetir","Failure","2017","Latin America","","",""
"J Balvin","hip hop, latin, latin pop, pop, reggaeton","Ozuna","latin, reggaeton, trap latino","Pa’ guayarte","Success","2021","Latin America","","",""
"J Balvin","hip hop, latin, latin pop, pop, reggaeton","Ozuna","latin, reggaeton, trap latino","Una locura","Failure","2020","Latin America","","",""
"J Balvin","hip hop, latin, latin pop, pop, reggaeton","Ozuna","latin, reggaeton, trap latino","Sígueme los pasos","Failure","2018","Latin America","","",""
"J Balvin","hip hop, latin, latin pop, pop, reggaeton","Ozuna","latin, reggaeton, trap latino","El cel","Failure","2022","Latin America","","",""
"J Balvin","hip hop, latin, latin pop, pop, reggaeton","Ozuna","latin, reggaeton, trap latino","China","Failure","2019","Latin America","","",""
"J Balvin","hip hop, latin, latin pop, pop, reggaeton","Ozuna","latin, reggaeton, trap latino","Baila baila baila (remix)","Failure","2019","Latin America","","",""
"J Balvin","hip hop, latin, latin pop, pop, reggaeton","Ozuna","latin, reggaeton, trap latino","X (remix)","Failure","2018","Latin America","","",""
"J Balvin","hip hop, latin, latin pop, pop, reggaeton","Maluma","latin, latin pop, reggaeton, trap latino","Gafas negras","Failure","2023","Latin America","","",""
"J Balvin","hip hop, latin, latin pop, pop, reggaeton","Maluma","latin, latin pop, reggaeton, trap latino","Qué pena","Failure","2019","Latin America","","",""
"J Balvin","hip hop, latin, latin pop, pop, reggaeton","Maluma","latin, latin pop, reggaeton, trap latino","X (remix)","Failure","2018","Latin America","","",""
"J Balvin","hip hop, latin, latin pop, pop, reggaeton","Maluma","latin, latin pop, reggaeton, trap latino","PORFA (remix)","Failure","2020","Latin America","","",""
"J Balvin","hip hop, latin, latin pop, pop, reggaeton","Maluma","latin, latin pop, reggaeton, trap latino","+57","Failure","","Latin America","","",""
"J Balvin","hip hop, latin, latin pop, pop, reggaeton","Maluma","latin, latin pop, reggaeton, trap latino","Con flow mátalo","Failure","2012","Latin America","","",""
"J Balvin","hip hop, latin, latin pop, pop, reggaeton","Karol G","schlager","Location","Success","2021","Latin America","","",""
"J Balvin","hip hop, latin, latin pop, pop, reggaeton","Karol G","schlager","China","Failure","2019","Latin America","","",""
"J Balvin","hip hop, latin, latin pop, pop, reggaeton","Karol G","schlager","Poblado (remix)","Failure","2021","Latin America","","",""
"J Balvin","hip hop, latin, latin pop, pop, reggaeton","Karol G","schlager","+57","Failure","","Latin America","","",""
"J Balvin","hip hop, latin, latin pop, pop, reggaeton","Nicky Jam","alternative rock, classic rock, experimental rock, funk rock, grunge, hard rock","X","Success","2018","Latin America","","",""
"J Balvin","hip hop, latin, latin pop, pop, reggaeton","Nicky Jam","alternative rock, classic rock, experimental rock, funk rock, grunge, hard rock","Superhéroe","Failure","2017","Latin America","","",""
"J Balvin","hip hop, latin, latin pop, pop, reggaeton","Nicky Jam","alternative rock, classic rock, experimental rock, funk rock, grunge, hard rock","X Equis (DJ Agu Gomez X Julio remix)","Failure","2019","Latin America","","",""
"J Balvin","hip hop, latin, latin pop, pop, reggaeton","Nicky Jam","alternative rock, classic rock, experimental rock, funk rock, grunge, hard rock","Ay vamos (remix)","Success","2015","Latin America","","",""
"J Balvin","hip hop, latin, latin pop, pop, reggaeton","Nicky Jam","alternative rock, classic rock, experimental rock, funk rock, grunge, hard rock","Sólo tú (remix)","Failure","2014","Latin America","","",""
"J Balvin","hip hop, latin, latin pop, pop, reggaeton","Nicky Jam","alternative rock, classic rock, experimental rock, funk rock, grunge, hard rock","Ayer 2","Failure","2017","Latin America","","",""
"Ellie Goulding","club, contemporary r&b, dance, dance-pop, dream pop, edm","J Balvin","hip hop, latin, latin pop, pop, reggaeton","I Adore You","Failure","2024","UK","","",""
"Ozuna","latin, reggaeton, trap latino","Shakira","latin, latin pop, pop, pop rock","Monotonía","Success","2022","Latin America","","",""
"Ozuna","latin, reggaeton, trap latino","Shakira","latin, latin pop, pop, pop rock","Monotonia","Failure","2022","Latin America","","",""
"Maluma","latin, latin pop, reggaeton, trap latino","Shakira","latin, latin pop, pop, pop rock","Chantaje","Success","2016","Latin America","","",""
"Maluma","latin, latin pop, reggaeton, trap latino","Shakira","latin, latin pop, pop, pop rock","Trap","Failure","2017","Latin America","","",""
"Maluma","latin, latin pop, reggaeton, trap latino","Shakira","latin, latin pop, pop, pop rock","Clandestino","Success","2018","Latin America","","",""
"Maluma","latin, latin pop, reggaeton, trap latino","Shakira","latin, latin pop, pop, pop rock","La bicicleta (remix)","Failure","2016","Latin America","","",""
"Karol G","schlager","Shakira","latin, latin pop, pop, pop rock","TQG","Success","2023","Europe","","",""
"Luis Fonsi","latin, latin pop, pop","Shakira","latin, latin pop, pop, pop rock","El último adiós","Failure","2001","Latin America","","",""
"Nicky Jam","alternative rock, classic rock, experimental rock, funk rock, grunge, hard rock","Shakira","latin, latin pop, pop, pop rock","Perro fiel","Success","2017","US","","",""
"Nicky Jam","alternative rock, classic rock, experimental rock, funk rock, grunge, hard rock","Shakira","latin, latin pop, pop, pop rock","Perro fiel/El perdón (medley)","Failure","2019","US","","",""
"Daddy Yankee","hip hop, latin, latin pop, reggae, reggaeton","Ozuna","latin, reggaeton, trap latino","No se da cuenta","Failure","2020","Latin America","","",""
"Daddy Yankee","hip hop, latin, latin pop, reggae, reggaeton","Ozuna","latin, reggaeton, trap latino","No quiere enamorarse (remix)","Failure","2016","Latin America","","",""
"Daddy Yankee","hip hop, latin, latin pop, reggae, reggaeton","Ozuna","latin, reggaeton, trap latino","Baila baila (remix)","Failure","2020","Latin America","","",""
"Daddy Yankee","hip hop, latin, latin pop, reggae, reggaeton","Ozuna","latin, reggaeton, trap latino","La rompe corazones","Failure","2017","Latin America","","",""
"Daddy Yankee","hip hop, latin, latin pop, reggae, reggaeton","Ozuna","latin, reggaeton, trap latino","China","Failure","2019","Latin America","","",""
"Daddy Yankee","hip hop, latin, latin pop, reggae, reggaeton","Ozuna","latin, reggaeton, trap latino","La fórmula","Failure","2017","Latin America","","",""
"Daddy Yankee","hip hop, latin, latin pop, reggae, reggaeton","Ozuna","latin, reggaeton, trap latino","El desorden","Failure","2017","Latin America","","",""
"Daddy Yankee","hip hop, latin, latin pop, reggae, reggaeton","Ozuna","latin, reggaeton, trap latino","Asesina (remix)","Failure","2018","Latin America","","",""
"Daddy Yankee","hip hop, latin, latin pop, reggae, reggaeton","Ozuna","latin, reggaeton, trap latino","Baila baila baila (remix)","Failure","2019","Latin America","","",""
"Daddy Yankee","hip hop, latin, latin pop, reggae, reggaeton","Karol G","schlager","China","Failure","2019","Latin America","","",""
"Daddy Yankee","hip hop, latin, latin pop, reggae, reggaeton","Luis Fonsi","latin, latin pop, pop","Despacito","Success","2017","Latin America","","",""
"Daddy Yankee","hip hop, latin, latin pop, reggae, reggaeton","Nicky Jam","alternative rock, classic rock, experimental rock, funk rock, grunge, hard rock","Ritmo de la calle","Failure","2001","Latin America","","",""
"Daddy Yankee","hip hop, latin, latin pop, reggae, reggaeton","Nicky Jam","alternative rock, classic rock, experimental rock, funk rock, grunge, hard rock","Vamos pa'la disco","Failure","2004","Latin America","","",""
"Daddy Yankee","hip hop, latin, latin pop, reggae, reggaeton","Nicky Jam","alternative rock, classic rock, experimental rock, funk rock, grunge, hard rock","[untitled]","Failure","2004","Latin America","","",""
"Daddy Yankee","hip hop, latin, latin pop, reggae, reggaeton","Nicky Jam","alternative rock, classic rock, experimental rock, funk rock, grunge, hard rock","Hasta el amanecer (the remix)","Failure","2016","Latin America","","",""
"Daddy Yankee","hip hop, latin, latin pop, reggae, reggaeton","Nicky Jam","alternative rock, classic rock, experimental rock, funk rock, grunge, hard rock","Buscarte","Failure","2003","Latin America","","",""
"Daddy Yankee","hip hop, latin, latin pop, reggae, reggaeton","Nicky Jam","alternative rock, classic rock, experimental rock, funk rock, grunge, hard rock","Tu hombre","Failure","2017","Latin America","","",""
"Daddy Yankee","hip hop, latin, latin pop, reggae, reggaeton","Nicky Jam","alternative rock, classic rock, experimental rock, funk rock, grunge, hard rock","Remix","Failure","2005","Latin America","","",""
"Daddy Yankee","hip hop, latin, latin pop, reggae, reggaeton","Nicky Jam","alternative rock, classic rock, experimental rock, funk rock, grunge, hard rock","Sábanas blancas","Failure","2001","Latin America","","",""
"Daddy Yankee","hip hop, latin, latin pop, reggae, reggaeton","Nicky Jam","alternative rock, classic rock, experimental rock, funk rock, grunge, hard rock","En la cama","Success","2001","Latin America","","",""
"Daddy Yankee","hip hop, latin, latin pop, reggae, reggaeton","Nicky Jam","alternative rock, classic rock, experimental rock, funk rock, grunge, hard rock","Sentirte","Failure","2003","Latin America","","",""
"Daddy Yankee","hip hop, latin, latin pop, reggae, reggaeton","Nicky Jam","alternative rock, classic rock, experimental rock, funk rock, grunge, hard rock","Dime cuándo y dónde","Failure","","Latin America","","",""
"Maluma","latin, latin pop, reggaeton, trap latino","Ozuna","latin, reggaeton, trap latino","Dispuesto","Failure","2019","Latin America","","",""
"Maluma","latin, latin pop, reggaeton, trap latino","Ozuna","latin, reggaeton, trap latino","X (remix)","Failure","2018","Latin America","","",""
"Karol G","schlager","Ozuna","latin, reggaeton, trap latino","Hello","Success","2016","Europe","","",""
"Karol G","schlager","Ozuna","latin, reggaeton, trap latino","ODISEA","Failure","2021","Europe","","",""
"Karol G","schlager","Ozuna","latin, reggaeton, trap latino","Caramelo (remix)","Failure","2020","Europe","","",""
"Karol G","schlager","Ozuna","latin, reggaeton, trap latino","China","Failure","2019","Europe","","",""
"Luis Fonsi","latin, latin pop, pop","Ozuna","latin, reggaeton, trap latino","Imposible","Success","2018","Latin America","","",""
"Nicky Jam","alternative rock, classic rock, experimental rock, funk rock, grunge, hard rock","Ozuna","latin, reggaeton, trap latino","Esto no acaba","Failure","2020","US","","",""
"Nicky Jam","alternative rock, classic rock, experimental rock, funk rock, grunge, hard rock","Ozuna","latin, reggaeton, trap latino","Cumpleaños","Failure","2017","US","","",""
"Nicky Jam","alternative rock, classic rock, experimental rock, funk rock, grunge, hard rock","Ozuna","latin, reggaeton, trap latino","Te robaré","Success","2019","US","","",""
"Nicky Jam","alternative rock, classic rock, experimental rock, funk rock, grunge, hard rock","Ozuna","latin, reggaeton, trap latino","Haciéndolo","Failure","2018","US","","",""
"Nicky Jam","alternative rock, classic rock, experimental rock, funk rock, grunge, hard rock","Ozuna","latin, reggaeton, trap latino","Te robare","Failure","2019","US","","",""
"Nicky Jam","alternative rock, classic rock, experimental rock, funk rock, grunge, hard rock","Ozuna","latin, reggaeton, trap latino","Reggaeton en París","Failure","2019","US","","",""
"Nicky Jam","alternative rock, classic rock, experimental rock, funk rock, grunge, hard rock","Ozuna","latin, reggaeton, trap latino","Millonario (remix)","Failure","2021","US","","",""
"Nicky Jam","alternative rock, classic rock, experimental rock, funk rock, grunge, hard rock","Ozuna","latin, reggaeton, trap latino","rockstar (remix)","Failure","2017","US","","",""
"Nicky Jam","alternative rock, classic rock, experimental rock, funk rock, grunge, hard rock","Ozuna","latin, reggaeton, trap latino","El amante (remix)","Failure","2017","US","","",""
"Nicky Jam","alternative rock, classic rock, experimental rock, funk rock, grunge, hard rock","Ozuna","latin, reggaeton, trap latino","Otro trago (remix)","Failure","2019","US","","",""
"Nicky Jam","alternative rock, classic rock, experimental rock, funk rock, grunge, hard rock","Ozuna","latin, reggaeton, trap latino","X (remix)","Failure","2018","US","","",""
"Karol G","schlager","Maluma","latin, latin pop, reggaeton, trap latino","Créeme","Success","2018","Europe","","",""
"Karol G","schlager","Maluma","latin, latin pop, reggaeton, trap latino","Tá OK (remix)","Failure","2023","Europe","","",""
"Karol G","schlager","Maluma","latin, latin pop, reggaeton, trap latino","+57","Failure","","Europe","","",""
"Maluma","latin, latin pop, reggaeton, trap latino","Nicky Jam","alternative rock, classic rock, experimental rock, funk rock, grunge, hard rock","No puedo olvidarte","Failure","2019","Latin America","","",""
